idx,prompt,label_text,label,original_label,group,group_text,top1,topk_set,avgk_set,conformal_marginal_set,conformal_conditional_set,corr_ans_text,topk_text,avgk_text,conformal_marginal_text,conformal_conditional_text
31,images/ravdess_subset/Actor_22/03-01-01-01-02-02-22.wav,Neutral,1,0,1,Female,2,1 2 4,1 2,1 2,1 2,The best answer is 1. Neutral.,1. Neutral  2. Calm  4. Sad,1. Neutral  2. Calm,1. Neutral  2. Calm,1. Neutral  2. Calm
3,images/ravdess_subset/Actor_18/03-01-02-02-02-01-18.wav,Calm,2,1,1,Female,2,1 2 4,1 2,1 2,2,The best answer is 2. Calm.,1. Neutral  2. Calm  4. Sad,1. Neutral  2. Calm,1. Neutral  2. Calm,2. Calm
338,images/ravdess_subset/Actor_03/03-01-03-02-02-01-03.wav,Happy,3,2,0,Male,6,3 4 6,3 6,3 4 6,3 4 6,The best answer is 3. Happy.,3. Happy  4. Sad  6. Fearful,3. Happy  6. Fearful,3. Happy  4. Sad  6. Fearful,3. Happy  4. Sad  6. Fearful
132,images/ravdess_subset/Actor_02/03-01-04-02-02-01-02.wav,Sad,4,3,1,Female,4,2 4 7,2 4,2 4,2 4,The best answer is 4. Sad.,2. Calm  4. Sad  7. Disgust,2. Calm  4. Sad,2. Calm  4. Sad,2. Calm  4. Sad
334,images/ravdess_subset/Actor_15/03-01-05-01-01-01-15.wav,Angry,5,4,0,Male,5,5 7 8,5,5,5,The best answer is 5. Angry.,5. Angry  7. Disgust  8. Surprised,5. Angry,5. Angry,5. Angry
49,images/ravdess_subset/Actor_17/03-01-06-01-02-01-17.wav,Fearful,6,5,0,Male,4,3 4 6,3 4 6,3 4 6,3 4 6,The best answer is 6. Fearful.,3. Happy  4. Sad  6. Fearful,3. Happy  4. Sad  6. Fearful,3. Happy  4. Sad  6. Fearful,3. Happy  4. Sad  6. Fearful
359,images/ravdess_subset/Actor_24/03-01-07-02-02-01-24.wav,Disgust,7,6,1,Female,7,2 5 7,7,7,7,The best answer is 7. Disgust.,2. Calm  5. Angry  7. Disgust,7. Disgust,7. Disgust,7. Disgust
41,images/ravdess_subset/Actor_20/03-01-08-01-01-02-20.wav,Surprised,8,7,1,Female,8,3 6 8,3 6 8,3 6 8,3 6 8,The best answer is 8. Surprised.,3. Happy  6. Fearful  8. Surprised,3. Happy  6. Fearful  8. Surprised,3. Happy  6. Fearful  8. Surprised,3. Happy  6. Fearful  8. Surprised
150,images/ravdess_subset/Actor_01/03-01-01-01-02-01-01.wav,Neutral,1,0,0,Male,2,1 2 4,1 2,1 2,1 2,The best answer is 1. Neutral.,1. Neutral  2. Calm  4. Sad,1. Neutral  2. Calm,1. Neutral  2. Calm,1. Neutral  2. Calm
40,images/ravdess_subset/Actor_03/03-01-02-02-01-02-03.wav,Calm,2,1,0,Male,2,1 2 4,2,2,1 2,The best answer is 2. Calm.,1. Neutral  2. Calm  4. Sad,2. Calm,2. Calm,1. Neutral  2. Calm
342,images/ravdess_subset/Actor_22/03-01-03-02-02-01-22.wav,Happy,3,2,1,Female,8,3 5 8,3 5 6 8,3 5 8,3 5 8,The best answer is 3. Happy.,3. Happy  5. Angry  8. Surprised,3. Happy  5. Angry  6. Fearful  8. Surprised,3. Happy  5. Angry  8. Surprised,3. Happy  5. Angry  8. Surprised
140,images/ravdess_subset/Actor_22/03-01-04-01-02-02-22.wav,Sad,4,3,1,Female,2,1 2 4,2,2,2,The best answer is 4. Sad.,1. Neutral  2. Calm  4. Sad,2. Calm,2. Calm,2. Calm
336,images/ravdess_subset/Actor_21/03-01-05-02-02-01-21.wav,Angry,5,4,0,Male,5,3 5 7,5,5,5,The best answer is 5. Angry.,3. Happy  5. Angry  7. Disgust,5. Angry,5. Angry,5. Angry
36,images/ravdess_subset/Actor_05/03-01-06-02-01-02-05.wav,Fearful,6,5,0,Male,6,3 5 6,3 6,3 5 6,3 5 6,The best answer is 6. Fearful.,3. Happy  5. Angry  6. Fearful,3. Happy  6. Fearful,3. Happy  5. Angry  6. Fearful,3. Happy  5. Angry  6. Fearful
324,images/ravdess_subset/Actor_13/03-01-07-01-02-01-13.wav,Disgust,7,6,0,Male,2,2 4 7,2 7,2 7,2 7,The best answer is 7. Disgust.,2. Calm  4. Sad  7. Disgust,2. Calm  7. Disgust,2. Calm  7. Disgust,2. Calm  7. Disgust
348,images/ravdess_subset/Actor_08/03-01-08-02-02-01-08.wav,Surprised,8,7,1,Female,8,3 5 8,8,3 8,8,The best answer is 8. Surprised.,3. Happy  5. Angry  8. Surprised,8. Surprised,3. Happy  8. Surprised,8. Surprised
258,images/ravdess_subset/Actor_10/03-01-01-01-01-01-10.wav,Neutral,1,0,1,Female,1,1 2 4,1 2,1 2,1 2,The best answer is 1. Neutral.,1. Neutral  2. Calm  4. Sad,1. Neutral  2. Calm,1. Neutral  2. Calm,1. Neutral  2. Calm
353,images/ravdess_subset/Actor_13/03-01-02-02-02-01-13.wav,Calm,2,1,0,Male,2,1 2 4,2,2,1 2,The best answer is 2. Calm.,1. Neutral  2. Calm  4. Sad,2. Calm,2. Calm,1. Neutral  2. Calm
29,images/ravdess_subset/Actor_08/03-01-03-02-01-02-08.wav,Happy,3,2,1,Female,3,3 4 6,3 4 6,3 4 6,3 4 6,The best answer is 3. Happy.,3. Happy  4. Sad  6. Fearful,3. Happy  4. Sad  6. Fearful,3. Happy  4. Sad  6. Fearful,3. Happy  4. Sad  6. Fearful
149,images/ravdess_subset/Actor_10/03-01-04-01-02-02-10.wav,Sad,4,3,1,Female,2,1 2 4,2 4,1 2 4,2 4,The best answer is 4. Sad.,1. Neutral  2. Calm  4. Sad,2. Calm  4. Sad,1. Neutral  2. Calm  4. Sad,2. Calm  4. Sad
48,images/ravdess_subset/Actor_21/03-01-05-01-01-02-21.wav,Angry,5,4,0,Male,5,3 5 6,5,5,5,The best answer is 5. Angry.,3. Happy  5. Angry  6. Fearful,5. Angry,5. Angry,5. Angry
356,images/ravdess_subset/Actor_21/03-01-06-02-01-01-21.wav,Fearful,6,5,0,Male,6,3 4 6,3 6,3 4 6,3 4 6,The best answer is 6. Fearful.,3. Happy  4. Sad  6. Fearful,3. Happy  6. Fearful,3. Happy  4. Sad  6. Fearful,3. Happy  4. Sad  6. Fearful
327,images/ravdess_subset/Actor_01/03-01-07-01-02-01-01.wav,Disgust,7,6,0,Male,7,2 4 7,7,2 7,2 4 7,The best answer is 7. Disgust.,2. Calm  4. Sad  7. Disgust,7. Disgust,2. Calm  7. Disgust,2. Calm  4. Sad  7. Disgust
345,images/ravdess_subset/Actor_13/03-01-08-02-02-02-13.wav,Surprised,8,7,0,Male,8,1 3 8,3 8,8,1 3 8,The best answer is 8. Surprised.,1. Neutral  3. Happy  8. Surprised,3. Happy  8. Surprised,8. Surprised,1. Neutral  3. Happy  8. Surprised
144,images/ravdess_subset/Actor_13/03-01-01-01-02-02-13.wav,Neutral,1,0,0,Male,2,1 2 4,1 2,1 2,1 2,The best answer is 1. Neutral.,1. Neutral  2. Calm  4. Sad,1. Neutral  2. Calm,1. Neutral  2. Calm,1. Neutral  2. Calm
171,images/ravdess_subset/Actor_08/03-01-01-01-02-01-08.wav,Neutral,1,0,1,Female,2,1 2 4,1 2,1 2,1 2,The best answer is 1. Neutral.,1. Neutral  2. Calm  4. Sad,1. Neutral  2. Calm,1. Neutral  2. Calm,1. Neutral  2. Calm
153,images/ravdess_subset/Actor_14/03-01-01-01-01-01-14.wav,Neutral,1,0,1,Female,2,1 2 4,1 2,1 2,1 2,The best answer is 1. Neutral.,1. Neutral  2. Calm  4. Sad,1. Neutral  2. Calm,1. Neutral  2. Calm,1. Neutral  2. Calm
167,images/ravdess_subset/Actor_19/03-01-01-01-01-02-19.wav,Neutral,1,0,0,Male,2,1 2 4,1 2,1 2,1 2,The best answer is 1. Neutral.,1. Neutral  2. Calm  4. Sad,1. Neutral  2. Calm,1. Neutral  2. Calm,1. Neutral  2. Calm
198,images/ravdess_subset/Actor_12/03-01-01-01-02-02-12.wav,Neutral,1,0,1,Female,2,1 2 4,1 2,1 2,1 2,The best answer is 1. Neutral.,1. Neutral  2. Calm  4. Sad,1. Neutral  2. Calm,1. Neutral  2. Calm,1. Neutral  2. Calm
210,images/ravdess_subset/Actor_16/03-01-01-01-01-01-16.wav,Neutral,1,0,1,Female,2,1 2 4,1 2,1 2,1 2,The best answer is 1. Neutral.,1. Neutral  2. Calm  4. Sad,1. Neutral  2. Calm,1. Neutral  2. Calm,1. Neutral  2. Calm
109,images/ravdess_subset/Actor_08/03-01-01-01-01-02-08.wav,Neutral,1,0,1,Female,2,1 2 4,1 2,1 2,1 2,The best answer is 1. Neutral.,1. Neutral  2. Calm  4. Sad,1. Neutral  2. Calm,1. Neutral  2. Calm,1. Neutral  2. Calm
279,images/ravdess_subset/Actor_18/03-01-01-01-02-02-18.wav,Neutral,1,0,1,Female,2,1 2 4,1 2,1 2,2,The best answer is 1. Neutral.,1. Neutral  2. Calm  4. Sad,1. Neutral  2. Calm,1. Neutral  2. Calm,2. Calm
283,images/ravdess_subset/Actor_23/03-01-01-01-02-02-23.wav,Neutral,1,0,0,Male,1,1 2 4,1 2,1 2,1 2 4,The best answer is 1. Neutral.,1. Neutral  2. Calm  4. Sad,1. Neutral  2. Calm,1. Neutral  2. Calm,1. Neutral  2. Calm  4. Sad
267,images/ravdess_subset/Actor_13/03-01-01-01-01-01-13.wav,Neutral,1,0,0,Male,2,1 2 4,1 2,1 2,1 2,The best answer is 1. Neutral.,1. Neutral  2. Calm  4. Sad,1. Neutral  2. Calm,1. Neutral  2. Calm,1. Neutral  2. Calm
266,images/ravdess_subset/Actor_05/03-01-01-01-01-01-05.wav,Neutral,1,0,0,Male,2,1 2 4,1 2,1 2,1 2,The best answer is 1. Neutral.,1. Neutral  2. Calm  4. Sad,1. Neutral  2. Calm,1. Neutral  2. Calm,1. Neutral  2. Calm
213,images/ravdess_subset/Actor_08/03-01-01-01-02-02-08.wav,Neutral,1,0,1,Female,2,1 2 4,1 2,1 2,1 2,The best answer is 1. Neutral.,1. Neutral  2. Calm  4. Sad,1. Neutral  2. Calm,1. Neutral  2. Calm,1. Neutral  2. Calm
78,images/ravdess_subset/Actor_01/03-01-01-01-02-02-01.wav,Neutral,1,0,0,Male,2,1 2 4,1 2,1 2,1 2 4,The best answer is 1. Neutral.,1. Neutral  2. Calm  4. Sad,1. Neutral  2. Calm,1. Neutral  2. Calm,1. Neutral  2. Calm  4. Sad
7,images/ravdess_subset/Actor_07/03-01-01-01-02-01-07.wav,Neutral,1,0,0,Male,2,1 2 4,1 2,1 2,1 2,The best answer is 1. Neutral.,1. Neutral  2. Calm  4. Sad,1. Neutral  2. Calm,1. Neutral  2. Calm,1. Neutral  2. Calm
315,images/ravdess_subset/Actor_02/03-01-01-01-01-01-02.wav,Neutral,1,0,1,Female,1,1 2 4,1 2,1 2,1 2,The best answer is 1. Neutral.,1. Neutral  2. Calm  4. Sad,1. Neutral  2. Calm,1. Neutral  2. Calm,1. Neutral  2. Calm
319,images/ravdess_subset/Actor_04/03-01-01-01-02-01-04.wav,Neutral,1,0,1,Female,2,1 2 4,1 2,1 2,1 2,The best answer is 1. Neutral.,1. Neutral  2. Calm  4. Sad,1. Neutral  2. Calm,1. Neutral  2. Calm,1. Neutral  2. Calm
331,images/ravdess_subset/Actor_21/03-01-01-01-01-01-21.wav,Neutral,1,0,0,Male,2,1 2 4,1 2,1 2,1 2,The best answer is 1. Neutral.,1. Neutral  2. Calm  4. Sad,1. Neutral  2. Calm,1. Neutral  2. Calm,1. Neutral  2. Calm
333,images/ravdess_subset/Actor_15/03-01-01-01-01-02-15.wav,Neutral,1,0,0,Male,2,1 2 4,1 2,1 2,1 2,The best answer is 1. Neutral.,1. Neutral  2. Calm  4. Sad,1. Neutral  2. Calm,1. Neutral  2. Calm,1. Neutral  2. Calm
0,images/ravdess_subset/Actor_19/03-01-01-01-02-01-19.wav,Neutral,1,0,0,Male,2,1 2 4,1 2,1 2,1 2,The best answer is 1. Neutral.,1. Neutral  2. Calm  4. Sad,1. Neutral  2. Calm,1. Neutral  2. Calm,1. Neutral  2. Calm
39,images/ravdess_subset/Actor_12/03-01-01-01-01-02-12.wav,Neutral,1,0,1,Female,2,1 2 4,1 2,1 2,1 2,The best answer is 1. Neutral.,1. Neutral  2. Calm  4. Sad,1. Neutral  2. Calm,1. Neutral  2. Calm,1. Neutral  2. Calm
349,images/ravdess_subset/Actor_05/03-01-01-01-01-02-05.wav,Neutral,1,0,0,Male,2,1 2 4,1 2,1 2,1 2 4,The best answer is 1. Neutral.,1. Neutral  2. Calm  4. Sad,1. Neutral  2. Calm,1. Neutral  2. Calm,1. Neutral  2. Calm  4. Sad
56,images/ravdess_subset/Actor_14/03-01-02-02-01-02-14.wav,Calm,2,1,1,Female,2,1 2 4,2,2,2,The best answer is 2. Calm.,1. Neutral  2. Calm  4. Sad,2. Calm,2. Calm,2. Calm
57,images/ravdess_subset/Actor_01/03-01-02-02-01-02-01.wav,Calm,2,1,0,Male,2,1 2 4,2,2,1 2,The best answer is 2. Calm.,1. Neutral  2. Calm  4. Sad,2. Calm,2. Calm,1. Neutral  2. Calm
148,images/ravdess_subset/Actor_20/03-01-02-01-01-01-20.wav,Calm,2,1,1,Female,2,1 2 4,2,2 4,2,The best answer is 2. Calm.,1. Neutral  2. Calm  4. Sad,2. Calm,2. Calm  4. Sad,2. Calm
256,images/ravdess_subset/Actor_01/03-01-02-01-02-01-01.wav,Calm,2,1,0,Male,2,1 2 4,1 2,2,1 2,The best answer is 2. Calm.,1. Neutral  2. Calm  4. Sad,1. Neutral  2. Calm,2. Calm,1. Neutral  2. Calm
257,images/ravdess_subset/Actor_16/03-01-02-01-01-01-16.wav,Calm,2,1,1,Female,2,1 2 4,1 2,1 2,1 2,The best answer is 2. Calm.,1. Neutral  2. Calm  4. Sad,1. Neutral  2. Calm,1. Neutral  2. Calm,1. Neutral  2. Calm
133,images/ravdess_subset/Actor_09/03-01-02-02-01-02-09.wav,Calm,2,1,0,Male,2,2 4 7,2,2,2 4 7,The best answer is 2. Calm.,2. Calm  4. Sad  7. Disgust,2. Calm,2. Calm,2. Calm  4. Sad  7. Disgust
25,images/ravdess_subset/Actor_10/03-01-02-01-02-01-10.wav,Calm,2,1,1,Female,2,1 2 4,1 2,2,2,The best answer is 2. Calm.,1. Neutral  2. Calm  4. Sad,1. Neutral  2. Calm,2. Calm,2. Calm
74,images/ravdess_subset/Actor_15/03-01-02-01-02-01-15.wav,Calm,2,1,0,Male,2,1 2 4,2,2,1 2,The best answer is 2. Calm.,1. Neutral  2. Calm  4. Sad,2. Calm,2. Calm,1. Neutral  2. Calm
77,images/ravdess_subset/Actor_08/03-01-02-01-02-02-08.wav,Calm,2,1,1,Female,2,1 2 4,1 2,2,2,The best answer is 2. Calm.,1. Neutral  2. Calm  4. Sad,1. Neutral  2. Calm,2. Calm,2. Calm
242,images/ravdess_subset/Actor_18/03-01-02-01-01-02-18.wav,Calm,2,1,1,Female,2,1 2 4,2,2,2,The best answer is 2. Calm.,1. Neutral  2. Calm  4. Sad,2. Calm,2. Calm,2. Calm
243,images/ravdess_subset/Actor_09/03-01-02-01-01-01-09.wav,Calm,2,1,0,Male,2,1 2 4,2,2,1 2,The best answer is 2. Calm.,1. Neutral  2. Calm  4. Sad,2. Calm,2. Calm,1. Neutral  2. Calm
159,images/ravdess_subset/Actor_07/03-01-02-02-02-02-07.wav,Calm,2,1,0,Male,2,1 2 4,2,2,1 2,The best answer is 2. Calm.,1. Neutral  2. Calm  4. Sad,2. Calm,2. Calm,1. Neutral  2. Calm
164,images/ravdess_subset/Actor_18/03-01-02-02-02-02-18.wav,Calm,2,1,1,Female,2,1 2 4,1 2,1 2,2,The best answer is 2. Calm.,1. Neutral  2. Calm  4. Sad,1. Neutral  2. Calm,1. Neutral  2. Calm,2. Calm
96,images/ravdess_subset/Actor_15/03-01-02-02-02-02-15.wav,Calm,2,1,0,Male,2,1 2 7,2,2,1 2,The best answer is 2. Calm.,1. Neutral  2. Calm  7. Disgust,2. Calm,2. Calm,1. Neutral  2. Calm
264,images/ravdess_subset/Actor_01/03-01-02-01-01-01-01.wav,Calm,2,1,0,Male,2,1 2 7,2,2,1 2,The best answer is 2. Calm.,1. Neutral  2. Calm  7. Disgust,2. Calm,2. Calm,1. Neutral  2. Calm
123,images/ravdess_subset/Actor_17/03-01-02-01-01-01-17.wav,Calm,2,1,0,Male,2,1 2 4,1 2,2,1 2,The best answer is 2. Calm.,1. Neutral  2. Calm  4. Sad,1. Neutral  2. Calm,2. Calm,1. Neutral  2. Calm
125,images/ravdess_subset/Actor_11/03-01-02-01-01-02-11.wav,Calm,2,1,0,Male,2,1 2 4,2,2,1 2,The best answer is 2. Calm.,1. Neutral  2. Calm  4. Sad,2. Calm,2. Calm,1. Neutral  2. Calm
126,images/ravdess_subset/Actor_20/03-01-02-02-02-02-20.wav,Calm,2,1,1,Female,2,1 2 4,2,2,2,The best answer is 2. Calm.,1. Neutral  2. Calm  4. Sad,2. Calm,2. Calm,2. Calm
230,images/ravdess_subset/Actor_01/03-01-02-01-01-02-01.wav,Calm,2,1,0,Male,2,1 2 4,2,2,1 2,The best answer is 2. Calm.,1. Neutral  2. Calm  4. Sad,2. Calm,2. Calm,1. Neutral  2. Calm
165,images/ravdess_subset/Actor_02/03-01-02-01-01-01-02.wav,Calm,2,1,1,Female,2,1 2 4,1 2,1 2,1 2,The best answer is 2. Calm.,1. Neutral  2. Calm  4. Sad,1. Neutral  2. Calm,1. Neutral  2. Calm,1. Neutral  2. Calm
172,images/ravdess_subset/Actor_06/03-01-02-02-01-02-06.wav,Calm,2,1,1,Female,2,1 2 7,2,2,2,The best answer is 2. Calm.,1. Neutral  2. Calm  7. Disgust,2. Calm,2. Calm,2. Calm
175,images/ravdess_subset/Actor_24/03-01-02-01-01-02-24.wav,Calm,2,1,1,Female,2,1 2 4,1 2,1 2,1 2,The best answer is 2. Calm.,1. Neutral  2. Calm  4. Sad,1. Neutral  2. Calm,1. Neutral  2. Calm,1. Neutral  2. Calm
268,images/ravdess_subset/Actor_23/03-01-02-01-01-02-23.wav,Calm,2,1,0,Male,2,1 2 4,1 2,2,1 2,The best answer is 2. Calm.,1. Neutral  2. Calm  4. Sad,1. Neutral  2. Calm,2. Calm,1. Neutral  2. Calm
275,images/ravdess_subset/Actor_05/03-01-02-02-01-02-05.wav,Calm,2,1,0,Male,2,1 2 7,2,2,1 2,The best answer is 2. Calm.,1. Neutral  2. Calm  7. Disgust,2. Calm,2. Calm,1. Neutral  2. Calm
111,images/ravdess_subset/Actor_07/03-01-02-01-02-01-07.wav,Calm,2,1,0,Male,2,1 2 4,1 2,2,1 2,The best answer is 2. Calm.,1. Neutral  2. Calm  4. Sad,1. Neutral  2. Calm,2. Calm,1. Neutral  2. Calm
113,images/ravdess_subset/Actor_12/03-01-02-02-01-02-12.wav,Calm,2,1,1,Female,2,1 2 4,2,2,2,The best answer is 2. Calm.,1. Neutral  2. Calm  4. Sad,2. Calm,2. Calm,2. Calm
114,images/ravdess_subset/Actor_14/03-01-02-02-02-02-14.wav,Calm,2,1,1,Female,2,1 2 4,1 2,1 2,2,The best answer is 2. Calm.,1. Neutral  2. Calm  4. Sad,1. Neutral  2. Calm,1. Neutral  2. Calm,2. Calm
181,images/ravdess_subset/Actor_06/03-01-02-01-01-01-06.wav,Calm,2,1,1,Female,2,1 2 4,2,2,2,The best answer is 2. Calm.,1. Neutral  2. Calm  4. Sad,2. Calm,2. Calm,2. Calm
296,images/ravdess_subset/Actor_13/03-01-02-02-02-02-13.wav,Calm,2,1,0,Male,2,1 2 4,1 2,2,1 2,The best answer is 2. Calm.,1. Neutral  2. Calm  4. Sad,1. Neutral  2. Calm,2. Calm,1. Neutral  2. Calm
297,images/ravdess_subset/Actor_22/03-01-02-01-01-02-22.wav,Calm,2,1,1,Female,2,1 2 4,1 2,2,2,The best answer is 2. Calm.,1. Neutral  2. Calm  4. Sad,1. Neutral  2. Calm,2. Calm,2. Calm
303,images/ravdess_subset/Actor_03/03-01-02-01-01-01-03.wav,Calm,2,1,0,Male,2,1 2 4,2,2,1 2,The best answer is 2. Calm.,1. Neutral  2. Calm  4. Sad,2. Calm,2. Calm,1. Neutral  2. Calm
306,images/ravdess_subset/Actor_08/03-01-02-01-02-01-08.wav,Calm,2,1,1,Female,2,1 2 4,2,2,2,The best answer is 2. Calm.,1. Neutral  2. Calm  4. Sad,2. Calm,2. Calm,2. Calm
312,images/ravdess_subset/Actor_04/03-01-02-02-02-02-04.wav,Calm,2,1,1,Female,2,2 4 7,2,2 4,2,The best answer is 2. Calm.,2. Calm  4. Sad  7. Disgust,2. Calm,2. Calm  4. Sad,2. Calm
209,images/ravdess_subset/Actor_06/03-01-02-01-02-02-06.wav,Calm,2,1,1,Female,2,1 2 7,2,2,2,The best answer is 2. Calm.,1. Neutral  2. Calm  7. Disgust,2. Calm,2. Calm,2. Calm
211,images/ravdess_subset/Actor_01/03-01-02-02-02-01-01.wav,Calm,2,1,0,Male,2,1 2 4,2,2,1 2,The best answer is 2. Calm.,1. Neutral  2. Calm  4. Sad,2. Calm,2. Calm,1. Neutral  2. Calm
103,images/ravdess_subset/Actor_21/03-01-02-02-01-02-21.wav,Calm,2,1,0,Male,2,1 2 4,2,2,1 2,The best answer is 2. Calm.,1. Neutral  2. Calm  4. Sad,2. Calm,2. Calm,1. Neutral  2. Calm
191,images/ravdess_subset/Actor_22/03-01-02-02-01-01-22.wav,Calm,2,1,1,Female,2,1 2 7,2,2,2,The best answer is 2. Calm.,1. Neutral  2. Calm  7. Disgust,2. Calm,2. Calm,2. Calm
135,images/ravdess_subset/Actor_22/03-01-02-02-02-01-22.wav,Calm,2,1,1,Female,2,1 2 4,1 2,2,2,The best answer is 2. Calm.,1. Neutral  2. Calm  4. Sad,1. Neutral  2. Calm,2. Calm,2. Calm
30,images/ravdess_subset/Actor_16/03-01-02-02-02-02-16.wav,Calm,2,1,1,Female,2,1 2 4,2,2,2,The best answer is 2. Calm.,1. Neutral  2. Calm  4. Sad,2. Calm,2. Calm,2. Calm
35,images/ravdess_subset/Actor_03/03-01-02-01-02-01-03.wav,Calm,2,1,0,Male,2,1 2 4,2,2,1 2 4,The best answer is 2. Calm.,1. Neutral  2. Calm  4. Sad,2. Calm,2. Calm,1. Neutral  2. Calm  4. Sad
330,images/ravdess_subset/Actor_10/03-01-02-01-01-02-10.wav,Calm,2,1,1,Female,2,1 2 4,1 2,1 2,2,The best answer is 2. Calm.,1. Neutral  2. Calm  4. Sad,1. Neutral  2. Calm,1. Neutral  2. Calm,2. Calm
64,images/ravdess_subset/Actor_06/03-01-02-02-02-01-06.wav,Calm,2,1,1,Female,2,1 2 7,2,2,2,The best answer is 2. Calm.,1. Neutral  2. Calm  7. Disgust,2. Calm,2. Calm,2. Calm
67,images/ravdess_subset/Actor_09/03-01-02-02-01-01-09.wav,Calm,2,1,0,Male,2,2 4 7,2 4,2 4,2 4 7,The best answer is 2. Calm.,2. Calm  4. Sad  7. Disgust,2. Calm  4. Sad,2. Calm  4. Sad,2. Calm  4. Sad  7. Disgust
323,images/ravdess_subset/Actor_13/03-01-02-01-01-01-13.wav,Calm,2,1,0,Male,2,1 2 4,2,2,1 2,The best answer is 2. Calm.,1. Neutral  2. Calm  4. Sad,2. Calm,2. Calm,1. Neutral  2. Calm
70,images/ravdess_subset/Actor_05/03-01-02-01-02-01-05.wav,Calm,2,1,0,Male,2,1 2 7,2,2,1 2,The best answer is 2. Calm.,1. Neutral  2. Calm  7. Disgust,2. Calm,2. Calm,1. Neutral  2. Calm
314,images/ravdess_subset/Actor_01/03-01-03-02-01-01-01.wav,Happy,3,2,0,Male,4,1 2 4,1 2 3 4,1 2 4,1 2 4,The best answer is 3. Happy.,1. Neutral  2. Calm  4. Sad,1. Neutral  2. Calm  3. Happy  4. Sad,1. Neutral  2. Calm  4. Sad,1. Neutral  2. Calm  4. Sad
19,images/ravdess_subset/Actor_01/03-01-03-01-01-02-01.wav,Happy,3,2,0,Male,1,1 2 4,1 2,1 2 4,1 2 4,The best answer is 3. Happy.,1. Neutral  2. Calm  4. Sad,1. Neutral  2. Calm,1. Neutral  2. Calm  4. Sad,1. Neutral  2. Calm  4. Sad
22,images/ravdess_subset/Actor_18/03-01-03-02-01-01-18.wav,Happy,3,2,1,Female,6,3 6 8,3 6 8,3 6 8,3 6,The best answer is 3. Happy.,3. Happy  6. Fearful  8. Surprised,3. Happy  6. Fearful  8. Surprised,3. Happy  6. Fearful  8. Surprised,3. Happy  6. Fearful
325,images/ravdess_subset/Actor_11/03-01-03-02-01-02-11.wav,Happy,3,2,0,Male,5,3 5 8,3 5 6 8,3 5 8,3 5 8,The best answer is 3. Happy.,3. Happy  5. Angry  8. Surprised,3. Happy  5. Angry  6. Fearful  8. Surprised,3. Happy  5. Angry  8. Surprised,3. Happy  5. Angry  8. Surprised
293,images/ravdess_subset/Actor_11/03-01-03-01-01-01-11.wav,Happy,3,2,0,Male,1,1 2 4,1 2,1 2 4,1 2 4,The best answer is 3. Happy.,1. Neutral  2. Calm  4. Sad,1. Neutral  2. Calm,1. Neutral  2. Calm  4. Sad,1. Neutral  2. Calm  4. Sad
205,images/ravdess_subset/Actor_16/03-01-03-01-01-01-16.wav,Happy,3,2,1,Female,1,1 3 8,1 3 4 8,1 3 8,1 3 8,The best answer is 3. Happy.,1. Neutral  3. Happy  8. Surprised,1. Neutral  3. Happy  4. Sad  8. Surprised,1. Neutral  3. Happy  8. Surprised,1. Neutral  3. Happy  8. Surprised
290,images/ravdess_subset/Actor_06/03-01-03-02-01-02-06.wav,Happy,3,2,1,Female,6,3 4 6,3 6,3 4 6,3 6,The best answer is 3. Happy.,3. Happy  4. Sad  6. Fearful,3. Happy  6. Fearful,3. Happy  4. Sad  6. Fearful,3. Happy  6. Fearful
102,images/ravdess_subset/Actor_22/03-01-03-01-01-01-22.wav,Happy,3,2,1,Female,1,1 2 4,1 2,1 2 4,1 2,The best answer is 3. Happy.,1. Neutral  2. Calm  4. Sad,1. Neutral  2. Calm,1. Neutral  2. Calm  4. Sad,1. Neutral  2. Calm
104,images/ravdess_subset/Actor_09/03-01-03-02-02-01-09.wav,Happy,3,2,0,Male,6,3 5 6,3 5 6 8,3 5 6,3 5 6,The best answer is 3. Happy.,3. Happy  5. Angry  6. Fearful,3. Happy  5. Angry  6. Fearful  8. Surprised,3. Happy  5. Angry  6. Fearful,3. Happy  5. Angry  6. Fearful
294,images/ravdess_subset/Actor_18/03-01-03-01-02-02-18.wav,Happy,3,2,1,Female,1,1 3 8,1 3 8,1 3 8,1 3 8,The best answer is 3. Happy.,1. Neutral  3. Happy  8. Surprised,1. Neutral  3. Happy  8. Surprised,1. Neutral  3. Happy  8. Surprised,1. Neutral  3. Happy  8. Surprised
295,images/ravdess_subset/Actor_08/03-01-03-02-02-02-08.wav,Happy,3,2,1,Female,6,3 4 6,3 4 6,3 4 6,3 4 6,The best answer is 3. Happy.,3. Happy  4. Sad  6. Fearful,3. Happy  4. Sad  6. Fearful,3. Happy  4. Sad  6. Fearful,3. Happy  4. Sad  6. Fearful
307,images/ravdess_subset/Actor_24/03-01-03-02-01-02-24.wav,Happy,3,2,1,Female,3,3 4 6,3 4 6,3 4 6,3 4 6,The best answer is 3. Happy.,3. Happy  4. Sad  6. Fearful,3. Happy  4. Sad  6. Fearful,3. Happy  4. Sad  6. Fearful,3. Happy  4. Sad  6. Fearful
195,images/ravdess_subset/Actor_10/03-01-03-02-01-01-10.wav,Happy,3,2,1,Female,4,3 4 6,3 4 6,3 4 6,3 4 6,The best answer is 3. Happy.,3. Happy  4. Sad  6. Fearful,3. Happy  4. Sad  6. Fearful,3. Happy  4. Sad  6. Fearful,3. Happy  4. Sad  6. Fearful
118,images/ravdess_subset/Actor_08/03-01-03-01-02-02-08.wav,Happy,3,2,1,Female,1,1 2 4,1 2,1 2 4,1 2,The best answer is 3. Happy.,1. Neutral  2. Calm  4. Sad,1. Neutral  2. Calm,1. Neutral  2. Calm  4. Sad,1. Neutral  2. Calm
177,images/ravdess_subset/Actor_08/03-01-03-01-02-01-08.wav,Happy,3,2,1,Female,1,1 2 4,1 2 4,1 2 4,1 2 4,The best answer is 3. Happy.,1. Neutral  2. Calm  4. Sad,1. Neutral  2. Calm  4. Sad,1. Neutral  2. Calm  4. Sad,1. Neutral  2. Calm  4. Sad
182,images/ravdess_subset/Actor_20/03-01-03-02-02-02-20.wav,Happy,3,2,1,Female,3,3 6 8,3 5 6 8,3 6 8,3 6 8,The best answer is 3. Happy.,3. Happy  6. Fearful  8. Surprised,3. Happy  5. Angry  6. Fearful  8. Surprised,3. Happy  6. Fearful  8. Surprised,3. Happy  6. Fearful  8. Surprised
224,images/ravdess_subset/Actor_15/03-01-03-02-02-02-15.wav,Happy,3,2,0,Male,4,1 2 4,1 2 3 4,1 2 4,1 2 4,The best answer is 3. Happy.,1. Neutral  2. Calm  4. Sad,1. Neutral  2. Calm  3. Happy  4. Sad,1. Neutral  2. Calm  4. Sad,1. Neutral  2. Calm  4. Sad
270,images/ravdess_subset/Actor_16/03-01-03-02-02-01-16.wav,Happy,3,2,1,Female,3,3 6 8,3 6 8,3 6 8,3 6 8,The best answer is 3. Happy.,3. Happy  6. Fearful  8. Surprised,3. Happy  6. Fearful  8. Surprised,3. Happy  6. Fearful  8. Surprised,3. Happy  6. Fearful  8. Surprised
277,images/ravdess_subset/Actor_17/03-01-03-02-02-01-17.wav,Happy,3,2,0,Male,8,3 6 8,3 6 8,3 6 8,3 6 8,The best answer is 3. Happy.,3. Happy  6. Fearful  8. Surprised,3. Happy  6. Fearful  8. Surprised,3. Happy  6. Fearful  8. Surprised,3. Happy  6. Fearful  8. Surprised
280,images/ravdess_subset/Actor_02/03-01-03-02-02-01-02.wav,Happy,3,2,1,Female,1,1 3 8,1 3 8,1 3 8,1 3 8,The best answer is 3. Happy.,1. Neutral  3. Happy  8. Surprised,1. Neutral  3. Happy  8. Surprised,1. Neutral  3. Happy  8. Surprised,1. Neutral  3. Happy  8. Surprised
281,images/ravdess_subset/Actor_21/03-01-03-02-01-02-21.wav,Happy,3,2,0,Male,8,3 6 8,3 6 8,3 6 8,3 6 8,The best answer is 3. Happy.,3. Happy  6. Fearful  8. Surprised,3. Happy  6. Fearful  8. Surprised,3. Happy  6. Fearful  8. Surprised,3. Happy  6. Fearful  8. Surprised
282,images/ravdess_subset/Actor_02/03-01-03-01-01-02-02.wav,Happy,3,2,1,Female,1,1 2 4,1 2,1 2,1 2,The best answer is 3. Happy.,1. Neutral  2. Calm  4. Sad,1. Neutral  2. Calm,1. Neutral  2. Calm,1. Neutral  2. Calm
166,images/ravdess_subset/Actor_19/03-01-03-02-01-01-19.wav,Happy,3,2,0,Male,8,3 6 8,3 6 8,3 6 8,3 6 8,The best answer is 3. Happy.,3. Happy  6. Fearful  8. Surprised,3. Happy  6. Fearful  8. Surprised,3. Happy  6. Fearful  8. Surprised,3. Happy  6. Fearful  8. Surprised
260,images/ravdess_subset/Actor_11/03-01-03-01-02-01-11.wav,Happy,3,2,0,Male,2,1 2 4,1 2,1 2,1 2,The best answer is 3. Happy.,1. Neutral  2. Calm  4. Sad,1. Neutral  2. Calm,1. Neutral  2. Calm,1. Neutral  2. Calm
262,images/ravdess_subset/Actor_19/03-01-03-01-02-02-19.wav,Happy,3,2,0,Male,1,1 2 4,1 2,1 2 4,1 2 4,The best answer is 3. Happy.,1. Neutral  2. Calm  4. Sad,1. Neutral  2. Calm,1. Neutral  2. Calm  4. Sad,1. Neutral  2. Calm  4. Sad
263,images/ravdess_subset/Actor_11/03-01-03-01-02-02-11.wav,Happy,3,2,0,Male,1,1 2 4,1 2,1 2,1 2 4,The best answer is 3. Happy.,1. Neutral  2. Calm  4. Sad,1. Neutral  2. Calm,1. Neutral  2. Calm,1. Neutral  2. Calm  4. Sad
216,images/ravdess_subset/Actor_18/03-01-03-02-01-02-18.wav,Happy,3,2,1,Female,6,3 6 8,3 6 8,3 6 8,3 6,The best answer is 3. Happy.,3. Happy  6. Fearful  8. Surprised,3. Happy  6. Fearful  8. Surprised,3. Happy  6. Fearful  8. Surprised,3. Happy  6. Fearful
218,images/ravdess_subset/Actor_15/03-01-03-01-01-02-15.wav,Happy,3,2,0,Male,1,1 2 8,1 2,1 2 8,1 2 8,The best answer is 3. Happy.,1. Neutral  2. Calm  8. Surprised,1. Neutral  2. Calm,1. Neutral  2. Calm  8. Surprised,1. Neutral  2. Calm  8. Surprised
220,images/ravdess_subset/Actor_12/03-01-03-01-02-02-12.wav,Happy,3,2,1,Female,1,1 2 4,1 2,1 2 4,1 2,The best answer is 3. Happy.,1. Neutral  2. Calm  4. Sad,1. Neutral  2. Calm,1. Neutral  2. Calm  4. Sad,1. Neutral  2. Calm
236,images/ravdess_subset/Actor_06/03-01-03-01-01-01-06.wav,Happy,3,2,1,Female,3,3 4 6,3 4 6,3 4 6,3 4 6,The best answer is 3. Happy.,3. Happy  4. Sad  6. Fearful,3. Happy  4. Sad  6. Fearful,3. Happy  4. Sad  6. Fearful,3. Happy  4. Sad  6. Fearful
244,images/ravdess_subset/Actor_08/03-01-03-01-01-01-08.wav,Happy,3,2,1,Female,4,1 3 4,1 3 4 6,1 3 4,1 3 4,The best answer is 3. Happy.,1. Neutral  3. Happy  4. Sad,1. Neutral  3. Happy  4. Sad  6. Fearful,1. Neutral  3. Happy  4. Sad,1. Neutral  3. Happy  4. Sad
246,images/ravdess_subset/Actor_06/03-01-03-01-02-01-06.wav,Happy,3,2,1,Female,1,1 3 4,1 3 4 8,1 3 4,1 3 4,The best answer is 3. Happy.,1. Neutral  3. Happy  4. Sad,1. Neutral  3. Happy  4. Sad  8. Surprised,1. Neutral  3. Happy  4. Sad,1. Neutral  3. Happy  4. Sad
252,images/ravdess_subset/Actor_07/03-01-03-02-01-01-07.wav,Happy,3,2,0,Male,3,3 6 8,3 4 6 8,3 6 8,3 6 8,The best answer is 3. Happy.,3. Happy  6. Fearful  8. Surprised,3. Happy  4. Sad  6. Fearful  8. Surprised,3. Happy  6. Fearful  8. Surprised,3. Happy  6. Fearful  8. Surprised
83,images/ravdess_subset/Actor_09/03-01-03-02-01-02-09.wav,Happy,3,2,0,Male,3,3 4 6,3 4 6,3 4 6,3 4 6,The best answer is 3. Happy.,3. Happy  4. Sad  6. Fearful,3. Happy  4. Sad  6. Fearful,3. Happy  4. Sad  6. Fearful,3. Happy  4. Sad  6. Fearful
84,images/ravdess_subset/Actor_16/03-01-03-02-02-02-16.wav,Happy,3,2,1,Female,5,3 5 6,3 5,3 5 6,5,The best answer is 3. Happy.,3. Happy  5. Angry  6. Fearful,3. Happy  5. Angry,3. Happy  5. Angry  6. Fearful,5. Angry
91,images/ravdess_subset/Actor_12/03-01-03-01-01-02-12.wav,Happy,3,2,1,Female,1,1 2 4,1 2 3 4,1 2 4,1 2 4,The best answer is 3. Happy.,1. Neutral  2. Calm  4. Sad,1. Neutral  2. Calm  3. Happy  4. Sad,1. Neutral  2. Calm  4. Sad,1. Neutral  2. Calm  4. Sad
11,images/ravdess_subset/Actor_09/03-01-03-01-01-01-09.wav,Happy,3,2,0,Male,2,1 2 4,2 4,2 4,1 2 4,The best answer is 3. Happy.,1. Neutral  2. Calm  4. Sad,2. Calm  4. Sad,2. Calm  4. Sad,1. Neutral  2. Calm  4. Sad
16,images/ravdess_subset/Actor_01/03-01-03-02-01-02-01.wav,Happy,3,2,0,Male,3,3 4 6,1 3 4 6 8,3 4 6,3 4 6,The best answer is 3. Happy.,3. Happy  4. Sad  6. Fearful,1. Neutral  3. Happy  4. Sad  6. Fearful  8. Surprised,3. Happy  4. Sad  6. Fearful,3. Happy  4. Sad  6. Fearful
253,images/ravdess_subset/Actor_03/03-01-03-02-02-02-03.wav,Happy,3,2,0,Male,3,3 6 8,3 6 8,3 6 8,3 6 8,The best answer is 3. Happy.,3. Happy  6. Fearful  8. Surprised,3. Happy  6. Fearful  8. Surprised,3. Happy  6. Fearful  8. Surprised,3. Happy  6. Fearful  8. Surprised
254,images/ravdess_subset/Actor_15/03-01-03-01-01-01-15.wav,Happy,3,2,0,Male,1,1 2 4,1 2,1 2 4,1 2 4,The best answer is 3. Happy.,1. Neutral  2. Calm  4. Sad,1. Neutral  2. Calm,1. Neutral  2. Calm  4. Sad,1. Neutral  2. Calm  4. Sad
145,images/ravdess_subset/Actor_21/03-01-03-02-02-02-21.wav,Happy,3,2,0,Male,8,3 6 8,3 6 8,3 6 8,3 6 8,The best answer is 3. Happy.,3. Happy  6. Fearful  8. Surprised,3. Happy  6. Fearful  8. Surprised,3. Happy  6. Fearful  8. Surprised,3. Happy  6. Fearful  8. Surprised
147,images/ravdess_subset/Actor_13/03-01-03-01-01-02-13.wav,Happy,3,2,0,Male,1,1 2 4,1 2,1 2,1 2 4,The best answer is 3. Happy.,1. Neutral  2. Calm  4. Sad,1. Neutral  2. Calm,1. Neutral  2. Calm,1. Neutral  2. Calm  4. Sad
358,images/ravdess_subset/Actor_04/03-01-03-02-01-01-04.wav,Happy,3,2,1,Female,6,3 6 8,3 6 8,3 6 8,3 6 8,The best answer is 3. Happy.,3. Happy  6. Fearful  8. Surprised,3. Happy  6. Fearful  8. Surprised,3. Happy  6. Fearful  8. Surprised,3. Happy  6. Fearful  8. Surprised
351,images/ravdess_subset/Actor_07/03-01-03-02-02-02-07.wav,Happy,3,2,0,Male,6,3 6 8,3 6 8,3 6 8,3 6 8,The best answer is 3. Happy.,3. Happy  6. Fearful  8. Surprised,3. Happy  6. Fearful  8. Surprised,3. Happy  6. Fearful  8. Surprised,3. Happy  6. Fearful  8. Surprised
60,images/ravdess_subset/Actor_01/03-01-03-01-01-01-01.wav,Happy,3,2,0,Male,1,1 2 4,1 2,1 2,1 2 4,The best answer is 3. Happy.,1. Neutral  2. Calm  4. Sad,1. Neutral  2. Calm,1. Neutral  2. Calm,1. Neutral  2. Calm  4. Sad
247,images/ravdess_subset/Actor_18/03-01-04-02-02-02-18.wav,Sad,4,3,1,Female,4,3 4 6,3 4 6,3 4,3 4 6,The best answer is 4. Sad.,3. Happy  4. Sad  6. Fearful,3. Happy  4. Sad  6. Fearful,3. Happy  4. Sad,3. Happy  4. Sad  6. Fearful
300,images/ravdess_subset/Actor_02/03-01-04-01-01-02-02.wav,Sad,4,3,1,Female,2,1 2 4,2 4,2 4,2 4,The best answer is 4. Sad.,1. Neutral  2. Calm  4. Sad,2. Calm  4. Sad,2. Calm  4. Sad,2. Calm  4. Sad
311,images/ravdess_subset/Actor_12/03-01-04-01-01-01-12.wav,Sad,4,3,1,Female,2,1 2 4,1 2 4,1 2 4,1 2 4,The best answer is 4. Sad.,1. Neutral  2. Calm  4. Sad,1. Neutral  2. Calm  4. Sad,1. Neutral  2. Calm  4. Sad,1. Neutral  2. Calm  4. Sad
66,images/ravdess_subset/Actor_24/03-01-04-02-01-02-24.wav,Sad,4,3,1,Female,4,3 4 6,3 4,3 4,4,The best answer is 4. Sad.,3. Happy  4. Sad  6. Fearful,3. Happy  4. Sad,3. Happy  4. Sad,4. Sad
332,images/ravdess_subset/Actor_14/03-01-04-02-01-01-14.wav,Sad,4,3,1,Female,4,2 3 4,4,4,4,The best answer is 4. Sad.,2. Calm  3. Happy  4. Sad,4. Sad,4. Sad,4. Sad
248,images/ravdess_subset/Actor_05/03-01-04-01-01-02-05.wav,Sad,4,3,0,Male,4,1 2 4,1 2 4,1 2 4,1 2 4,The best answer is 4. Sad.,1. Neutral  2. Calm  4. Sad,1. Neutral  2. Calm  4. Sad,1. Neutral  2. Calm  4. Sad,1. Neutral  2. Calm  4. Sad
250,images/ravdess_subset/Actor_05/03-01-04-01-01-01-05.wav,Sad,4,3,0,Male,4,1 2 4,1 2 4,1 2 4,1 2 4,The best answer is 4. Sad.,1. Neutral  2. Calm  4. Sad,1. Neutral  2. Calm  4. Sad,1. Neutral  2. Calm  4. Sad,1. Neutral  2. Calm  4. Sad
152,images/ravdess_subset/Actor_03/03-01-04-02-01-01-03.wav,Sad,4,3,0,Male,4,2 3 4,4,4,2 4,The best answer is 4. Sad.,2. Calm  3. Happy  4. Sad,4. Sad,4. Sad,2. Calm  4. Sad
155,images/ravdess_subset/Actor_06/03-01-04-01-01-01-06.wav,Sad,4,3,1,Female,2,1 2 4,2,2,2,The best answer is 4. Sad.,1. Neutral  2. Calm  4. Sad,2. Calm,2. Calm,2. Calm
156,images/ravdess_subset/Actor_19/03-01-04-02-01-01-19.wav,Sad,4,3,0,Male,4,2 3 4,4,4,2 3 4,The best answer is 4. Sad.,2. Calm  3. Happy  4. Sad,4. Sad,4. Sad,2. Calm  3. Happy  4. Sad
162,images/ravdess_subset/Actor_18/03-01-04-02-02-01-18.wav,Sad,4,3,1,Female,4,2 3 4,4,4,4,The best answer is 4. Sad.,2. Calm  3. Happy  4. Sad,4. Sad,4. Sad,4. Sad
232,images/ravdess_subset/Actor_21/03-01-04-02-02-02-21.wav,Sad,4,3,0,Male,4,1 2 4,2 4,2 4,1 2 4,The best answer is 4. Sad.,1. Neutral  2. Calm  4. Sad,2. Calm  4. Sad,2. Calm  4. Sad,1. Neutral  2. Calm  4. Sad
18,images/ravdess_subset/Actor_19/03-01-04-02-02-01-19.wav,Sad,4,3,0,Male,2,1 2 4,1 2 4,1 2 4,1 2 4,The best answer is 4. Sad.,1. Neutral  2. Calm  4. Sad,1. Neutral  2. Calm  4. Sad,1. Neutral  2. Calm  4. Sad,1. Neutral  2. Calm  4. Sad
20,images/ravdess_subset/Actor_16/03-01-04-02-01-02-16.wav,Sad,4,3,1,Female,4,2 4 7,4,4,4,The best answer is 4. Sad.,2. Calm  4. Sad  7. Disgust,4. Sad,4. Sad,4. Sad
71,images/ravdess_subset/Actor_05/03-01-04-02-02-02-05.wav,Sad,4,3,0,Male,2,1 2 4,1 2,1 2,1 2 4,The best answer is 4. Sad.,1. Neutral  2. Calm  4. Sad,1. Neutral  2. Calm,1. Neutral  2. Calm,1. Neutral  2. Calm  4. Sad
72,images/ravdess_subset/Actor_02/03-01-04-02-01-01-02.wav,Sad,4,3,1,Female,4,2 3 4,4,4,4,The best answer is 4. Sad.,2. Calm  3. Happy  4. Sad,4. Sad,4. Sad,4. Sad
129,images/ravdess_subset/Actor_24/03-01-04-01-01-02-24.wav,Sad,4,3,1,Female,2,2 4 7,2,2,2,The best answer is 4. Sad.,2. Calm  4. Sad  7. Disgust,2. Calm,2. Calm,2. Calm
229,images/ravdess_subset/Actor_18/03-01-04-02-01-01-18.wav,Sad,4,3,1,Female,4,3 4 6,4,4 6,4,The best answer is 4. Sad.,3. Happy  4. Sad  6. Fearful,4. Sad,4. Sad  6. Fearful,4. Sad
226,images/ravdess_subset/Actor_13/03-01-04-01-01-01-13.wav,Sad,4,3,0,Male,2,1 2 4,2,2,1 2 4,The best answer is 4. Sad.,1. Neutral  2. Calm  4. Sad,2. Calm,2. Calm,1. Neutral  2. Calm  4. Sad
5,images/ravdess_subset/Actor_07/03-01-04-02-01-02-07.wav,Sad,4,3,0,Male,4,1 2 4,2 4,2 4,2 4,The best answer is 4. Sad.,1. Neutral  2. Calm  4. Sad,2. Calm  4. Sad,2. Calm  4. Sad,2. Calm  4. Sad
15,images/ravdess_subset/Actor_20/03-01-04-01-02-02-20.wav,Sad,4,3,1,Female,4,2 4 7,2 4,2 4 7,2 4,The best answer is 4. Sad.,2. Calm  4. Sad  7. Disgust,2. Calm  4. Sad,2. Calm  4. Sad  7. Disgust,2. Calm  4. Sad
184,images/ravdess_subset/Actor_15/03-01-04-02-01-01-15.wav,Sad,4,3,0,Male,2,1 2 4,1 2 4,1 2 4,1 2 4,The best answer is 4. Sad.,1. Neutral  2. Calm  4. Sad,1. Neutral  2. Calm  4. Sad,1. Neutral  2. Calm  4. Sad,1. Neutral  2. Calm  4. Sad
189,images/ravdess_subset/Actor_08/03-01-04-01-02-01-08.wav,Sad,4,3,1,Female,2,1 2 4,2 4,1 2 4,2 4,The best answer is 4. Sad.,1. Neutral  2. Calm  4. Sad,2. Calm  4. Sad,1. Neutral  2. Calm  4. Sad,2. Calm  4. Sad
117,images/ravdess_subset/Actor_22/03-01-04-01-01-01-22.wav,Sad,4,3,1,Female,2,1 2 4,2,2,2,The best answer is 4. Sad.,1. Neutral  2. Calm  4. Sad,2. Calm,2. Calm,2. Calm
287,images/ravdess_subset/Actor_17/03-01-04-01-02-02-17.wav,Sad,4,3,0,Male,2,1 2 4,1 2 4,1 2 4,1 2 4,The best answer is 4. Sad.,1. Neutral  2. Calm  4. Sad,1. Neutral  2. Calm  4. Sad,1. Neutral  2. Calm  4. Sad,1. Neutral  2. Calm  4. Sad
289,images/ravdess_subset/Actor_17/03-01-04-01-01-01-17.wav,Sad,4,3,0,Male,4,1 2 4,1 2 4,1 2 4,1 2 4,The best answer is 4. Sad.,1. Neutral  2. Calm  4. Sad,1. Neutral  2. Calm  4. Sad,1. Neutral  2. Calm  4. Sad,1. Neutral  2. Calm  4. Sad
269,images/ravdess_subset/Actor_16/03-01-04-01-02-01-16.wav,Sad,4,3,1,Female,2,1 2 4,1 2,1 2,1 2,The best answer is 4. Sad.,1. Neutral  2. Calm  4. Sad,1. Neutral  2. Calm,1. Neutral  2. Calm,1. Neutral  2. Calm
215,images/ravdess_subset/Actor_03/03-01-04-02-01-02-03.wav,Sad,4,3,0,Male,4,3 4 6,3 4,3 4,3 4 6,The best answer is 4. Sad.,3. Happy  4. Sad  6. Fearful,3. Happy  4. Sad,3. Happy  4. Sad,3. Happy  4. Sad  6. Fearful
223,images/ravdess_subset/Actor_16/03-01-04-01-01-01-16.wav,Sad,4,3,1,Female,4,2 3 4,4,4,4,The best answer is 4. Sad.,2. Calm  3. Happy  4. Sad,4. Sad,4. Sad,4. Sad
121,images/ravdess_subset/Actor_11/03-01-04-02-01-02-11.wav,Sad,4,3,0,Male,4,3 4 6,3 4,3 4 6,3 4 6,The best answer is 4. Sad.,3. Happy  4. Sad  6. Fearful,3. Happy  4. Sad,3. Happy  4. Sad  6. Fearful,3. Happy  4. Sad  6. Fearful
190,images/ravdess_subset/Actor_16/03-01-04-02-02-01-16.wav,Sad,4,3,1,Female,4,2 3 4,4,4,4,The best answer is 4. Sad.,2. Calm  3. Happy  4. Sad,4. Sad,4. Sad,4. Sad
199,images/ravdess_subset/Actor_23/03-01-04-01-02-02-23.wav,Sad,4,3,0,Male,4,1 2 4,2 4,2 4,1 2 4,The best answer is 4. Sad.,1. Neutral  2. Calm  4. Sad,2. Calm  4. Sad,2. Calm  4. Sad,1. Neutral  2. Calm  4. Sad
105,images/ravdess_subset/Actor_11/03-01-04-02-02-01-11.wav,Sad,4,3,0,Male,4,3 4 6,3 4 6,3 4,3 4 6,The best answer is 4. Sad.,3. Happy  4. Sad  6. Fearful,3. Happy  4. Sad  6. Fearful,3. Happy  4. Sad,3. Happy  4. Sad  6. Fearful
108,images/ravdess_subset/Actor_21/03-01-04-01-01-02-21.wav,Sad,4,3,0,Male,2,2 4 7,2 4,2 4,2 4 7,The best answer is 4. Sad.,2. Calm  4. Sad  7. Disgust,2. Calm  4. Sad,2. Calm  4. Sad,2. Calm  4. Sad  7. Disgust
202,images/ravdess_subset/Actor_03/03-01-04-01-01-01-03.wav,Sad,4,3,0,Male,2,1 2 4,2 4,2 4,1 2 4,The best answer is 4. Sad.,1. Neutral  2. Calm  4. Sad,2. Calm  4. Sad,2. Calm  4. Sad,1. Neutral  2. Calm  4. Sad
204,images/ravdess_subset/Actor_09/03-01-04-02-02-02-09.wav,Sad,4,3,0,Male,4,1 2 4,2 4,2 4,2 4,The best answer is 4. Sad.,1. Neutral  2. Calm  4. Sad,2. Calm  4. Sad,2. Calm  4. Sad,2. Calm  4. Sad
285,images/ravdess_subset/Actor_21/03-01-04-02-02-01-21.wav,Sad,4,3,0,Male,4,1 2 4,2 4,2 4,2 4,The best answer is 4. Sad.,1. Neutral  2. Calm  4. Sad,2. Calm  4. Sad,2. Calm  4. Sad,2. Calm  4. Sad
346,images/ravdess_subset/Actor_03/03-01-04-01-02-01-03.wav,Sad,4,3,0,Male,2,1 2 4,2 4,2 4,1 2 4,The best answer is 4. Sad.,1. Neutral  2. Calm  4. Sad,2. Calm  4. Sad,2. Calm  4. Sad,1. Neutral  2. Calm  4. Sad
347,images/ravdess_subset/Actor_01/03-01-04-02-02-02-01.wav,Sad,4,3,0,Male,4,1 2 4,1 2 3 4,1 2 4,1 2 4,The best answer is 4. Sad.,1. Neutral  2. Calm  4. Sad,1. Neutral  2. Calm  3. Happy  4. Sad,1. Neutral  2. Calm  4. Sad,1. Neutral  2. Calm  4. Sad
355,images/ravdess_subset/Actor_22/03-01-04-02-01-01-22.wav,Sad,4,3,1,Female,4,2 4 7,2 4,2 4,2 4,The best answer is 4. Sad.,2. Calm  4. Sad  7. Disgust,2. Calm  4. Sad,2. Calm  4. Sad,2. Calm  4. Sad
357,images/ravdess_subset/Actor_06/03-01-04-02-01-01-06.wav,Sad,4,3,1,Female,4,2 4 7,2 4,4,4,The best answer is 4. Sad.,2. Calm  4. Sad  7. Disgust,2. Calm  4. Sad,4. Sad,4. Sad
46,images/ravdess_subset/Actor_17/03-01-04-02-02-02-17.wav,Sad,4,3,0,Male,4,2 3 4,4,4,2 3 4,The best answer is 4. Sad.,2. Calm  3. Happy  4. Sad,4. Sad,4. Sad,2. Calm  3. Happy  4. Sad
339,images/ravdess_subset/Actor_03/03-01-04-01-01-02-03.wav,Sad,4,3,0,Male,2,1 2 4,2 4,2 4,1 2 4,The best answer is 4. Sad.,1. Neutral  2. Calm  4. Sad,2. Calm  4. Sad,2. Calm  4. Sad,1. Neutral  2. Calm  4. Sad
53,images/ravdess_subset/Actor_24/03-01-04-02-02-01-24.wav,Sad,4,3,1,Female,4,2 4 7,4,4,4,The best answer is 4. Sad.,2. Calm  4. Sad  7. Disgust,4. Sad,4. Sad,4. Sad
58,images/ravdess_subset/Actor_18/03-01-04-01-02-01-18.wav,Sad,4,3,1,Female,2,1 2 4,2,2 4,2,The best answer is 4. Sad.,1. Neutral  2. Calm  4. Sad,2. Calm,2. Calm  4. Sad,2. Calm
50,images/ravdess_subset/Actor_03/03-01-05-02-02-01-03.wav,Angry,5,4,0,Male,5,5 6 7,5,5,5,The best answer is 5. Angry.,5. Angry  6. Fearful  7. Disgust,5. Angry,5. Angry,5. Angry
54,images/ravdess_subset/Actor_08/03-01-05-01-01-01-08.wav,Angry,5,4,1,Female,5,5 7 8,5,5,5,The best answer is 5. Angry.,5. Angry  7. Disgust  8. Surprised,5. Angry,5. Angry,5. Angry
343,images/ravdess_subset/Actor_02/03-01-05-01-02-02-02.wav,Angry,5,4,1,Female,5,5 7 8,5,5,5,The best answer is 5. Angry.,5. Angry  7. Disgust  8. Surprised,5. Angry,5. Angry,5. Angry
354,images/ravdess_subset/Actor_18/03-01-05-01-02-02-18.wav,Angry,5,4,1,Female,5,5 7 8,5,5,5,The best answer is 5. Angry.,5. Angry  7. Disgust  8. Surprised,5. Angry,5. Angry,5. Angry
38,images/ravdess_subset/Actor_11/03-01-05-02-02-02-11.wav,Angry,5,4,0,Male,5,5 7 8,5,5,5,The best answer is 5. Angry.,5. Angry  7. Disgust  8. Surprised,5. Angry,5. Angry,5. Angry
107,images/ravdess_subset/Actor_12/03-01-05-01-02-02-12.wav,Angry,5,4,1,Female,5,2 5 7,5 7,5 7,5 7,The best answer is 5. Angry.,2. Calm  5. Angry  7. Disgust,5. Angry  7. Disgust,5. Angry  7. Disgust,5. Angry  7. Disgust
201,images/ravdess_subset/Actor_19/03-01-05-01-02-02-19.wav,Angry,5,4,0,Male,5,3 5 8,5,5,5,The best answer is 5. Angry.,3. Happy  5. Angry  8. Surprised,5. Angry,5. Angry,5. Angry
206,images/ravdess_subset/Actor_20/03-01-05-01-02-02-20.wav,Angry,5,4,1,Female,5,5 7 8,5,5,5,The best answer is 5. Angry.,5. Angry  7. Disgust  8. Surprised,5. Angry,5. Angry,5. Angry
284,images/ravdess_subset/Actor_24/03-01-05-01-02-02-24.wav,Angry,5,4,1,Female,5,3 5 7,5,5,5,The best answer is 5. Angry.,3. Happy  5. Angry  7. Disgust,5. Angry,5. Angry,5. Angry
122,images/ravdess_subset/Actor_02/03-01-05-02-02-02-02.wav,Angry,5,4,1,Female,5,5 7 8,5,5,5,The best answer is 5. Angry.,5. Angry  7. Disgust  8. Surprised,5. Angry,5. Angry,5. Angry
192,images/ravdess_subset/Actor_14/03-01-05-02-02-01-14.wav,Angry,5,4,1,Female,5,3 5 7,5,5,5,The best answer is 5. Angry.,3. Happy  5. Angry  7. Disgust,5. Angry,5. Angry,5. Angry
193,images/ravdess_subset/Actor_08/03-01-05-02-01-01-08.wav,Angry,5,4,1,Female,5,5 7 8,5,5,5,The best answer is 5. Angry.,5. Angry  7. Disgust  8. Surprised,5. Angry,5. Angry,5. Angry
196,images/ravdess_subset/Actor_09/03-01-05-02-02-02-09.wav,Angry,5,4,0,Male,5,3 5 7,5,5,5,The best answer is 5. Angry.,3. Happy  5. Angry  7. Disgust,5. Angry,5. Angry,5. Angry
272,images/ravdess_subset/Actor_02/03-01-05-01-01-01-02.wav,Angry,5,4,1,Female,5,5 7 8,5 8,5 8,5 8,The best answer is 5. Angry.,5. Angry  7. Disgust  8. Surprised,5. Angry  8. Surprised,5. Angry  8. Surprised,5. Angry  8. Surprised
212,images/ravdess_subset/Actor_23/03-01-05-01-01-02-23.wav,Angry,5,4,0,Male,5,3 5 8,5 8,3 5 8,3 5 8,The best answer is 5. Angry.,3. Happy  5. Angry  8. Surprised,5. Angry  8. Surprised,3. Happy  5. Angry  8. Surprised,3. Happy  5. Angry  8. Surprised
94,images/ravdess_subset/Actor_06/03-01-05-02-02-02-06.wav,Angry,5,4,1,Female,5,5 6 7,5,5,5,The best answer is 5. Angry.,5. Angry  6. Fearful  7. Disgust,5. Angry,5. Angry,5. Angry
231,images/ravdess_subset/Actor_07/03-01-05-02-02-01-07.wav,Angry,5,4,0,Male,5,3 5 7,5,5,5,The best answer is 5. Angry.,3. Happy  5. Angry  7. Disgust,5. Angry,5. Angry,5. Angry
178,images/ravdess_subset/Actor_02/03-01-05-01-02-01-02.wav,Angry,5,4,1,Female,5,1 5 8,5 8,1 5 8,5 8,The best answer is 5. Angry.,1. Neutral  5. Angry  8. Surprised,5. Angry  8. Surprised,1. Neutral  5. Angry  8. Surprised,5. Angry  8. Surprised
180,images/ravdess_subset/Actor_02/03-01-05-02-01-01-02.wav,Angry,5,4,1,Female,5,5 7 8,5,5,5,The best answer is 5. Angry.,5. Angry  7. Disgust  8. Surprised,5. Angry,5. Angry,5. Angry
186,images/ravdess_subset/Actor_09/03-01-05-01-01-01-09.wav,Angry,5,4,0,Male,4,3 4 6,3 4 6,3 4 6,3 4 6,The best answer is 5. Angry.,3. Happy  4. Sad  6. Fearful,3. Happy  4. Sad  6. Fearful,3. Happy  4. Sad  6. Fearful,3. Happy  4. Sad  6. Fearful
115,images/ravdess_subset/Actor_07/03-01-05-02-01-01-07.wav,Angry,5,4,0,Male,5,5 6 7,5,5,5,The best answer is 5. Angry.,5. Angry  6. Fearful  7. Disgust,5. Angry,5. Angry,5. Angry
95,images/ravdess_subset/Actor_10/03-01-05-02-02-02-10.wav,Angry,5,4,1,Female,5,5 7 8,5,5,5,The best answer is 5. Angry.,5. Angry  7. Disgust  8. Surprised,5. Angry,5. Angry,5. Angry
9,images/ravdess_subset/Actor_13/03-01-05-01-01-01-13.wav,Angry,5,4,0,Male,5,5 7 8,5,5,5,The best answer is 5. Angry.,5. Angry  7. Disgust  8. Surprised,5. Angry,5. Angry,5. Angry
12,images/ravdess_subset/Actor_02/03-01-05-02-01-02-02.wav,Angry,5,4,1,Female,5,5 7 8,5,5,5,The best answer is 5. Angry.,5. Angry  7. Disgust  8. Surprised,5. Angry,5. Angry,5. Angry
75,images/ravdess_subset/Actor_17/03-01-05-02-01-01-17.wav,Angry,5,4,0,Male,5,5 7 8,5,5,5,The best answer is 5. Angry.,5. Angry  7. Disgust  8. Surprised,5. Angry,5. Angry,5. Angry
90,images/ravdess_subset/Actor_12/03-01-05-01-01-01-12.wav,Angry,5,4,1,Female,5,2 5 7,2 5 7,2 5 7,2 5 7,The best answer is 5. Angry.,2. Calm  5. Angry  7. Disgust,2. Calm  5. Angry  7. Disgust,2. Calm  5. Angry  7. Disgust,2. Calm  5. Angry  7. Disgust
234,images/ravdess_subset/Actor_16/03-01-05-01-02-01-16.wav,Angry,5,4,1,Female,5,5 7 8,5,5,5,The best answer is 5. Angry.,5. Angry  7. Disgust  8. Surprised,5. Angry,5. Angry,5. Angry
235,images/ravdess_subset/Actor_03/03-01-05-01-01-02-03.wav,Angry,5,4,0,Male,5,5 7 8,5,5,5,The best answer is 5. Angry.,5. Angry  7. Disgust  8. Surprised,5. Angry,5. Angry,5. Angry
237,images/ravdess_subset/Actor_06/03-01-05-02-02-01-06.wav,Angry,5,4,1,Female,5,3 5 7,5,5,5,The best answer is 5. Angry.,3. Happy  5. Angry  7. Disgust,5. Angry,5. Angry,5. Angry
168,images/ravdess_subset/Actor_18/03-01-05-01-02-01-18.wav,Angry,5,4,1,Female,5,5 7 8,5,5,5,The best answer is 5. Angry.,5. Angry  7. Disgust  8. Surprised,5. Angry,5. Angry,5. Angry
174,images/ravdess_subset/Actor_07/03-01-05-01-02-02-07.wav,Angry,5,4,0,Male,5,5 7 8,5,5,5,The best answer is 5. Angry.,5. Angry  7. Disgust  8. Surprised,5. Angry,5. Angry,5. Angry
228,images/ravdess_subset/Actor_13/03-01-05-01-02-01-13.wav,Angry,5,4,0,Male,5,5 7 8,5,5,5,The best answer is 5. Angry.,5. Angry  7. Disgust  8. Surprised,5. Angry,5. Angry,5. Angry
24,images/ravdess_subset/Actor_01/03-01-05-02-02-01-01.wav,Angry,5,4,0,Male,5,3 5 7,5,5,5,The best answer is 5. Angry.,3. Happy  5. Angry  7. Disgust,5. Angry,5. Angry,5. Angry
26,images/ravdess_subset/Actor_07/03-01-05-02-02-02-07.wav,Angry,5,4,0,Male,5,3 5 7,5,5,5,The best answer is 5. Angry.,3. Happy  5. Angry  7. Disgust,5. Angry,5. Angry,5. Angry
28,images/ravdess_subset/Actor_09/03-01-05-01-02-02-09.wav,Angry,5,4,0,Male,5,3 5 7,5,5,5,The best answer is 5. Angry.,3. Happy  5. Angry  7. Disgust,5. Angry,5. Angry,5. Angry
316,images/ravdess_subset/Actor_16/03-01-05-02-01-01-16.wav,Angry,5,4,1,Female,5,5 7 8,5,5,5,The best answer is 5. Angry.,5. Angry  7. Disgust  8. Surprised,5. Angry,5. Angry,5. Angry
160,images/ravdess_subset/Actor_12/03-01-05-02-01-01-12.wav,Angry,5,4,1,Female,5,5 7 8,5,5,5,The best answer is 5. Angry.,5. Angry  7. Disgust  8. Surprised,5. Angry,5. Angry,5. Angry
302,images/ravdess_subset/Actor_21/03-01-05-02-02-02-21.wav,Angry,5,4,0,Male,5,3 5 7,5,5,5,The best answer is 5. Angry.,3. Happy  5. Angry  7. Disgust,5. Angry,5. Angry,5. Angry
313,images/ravdess_subset/Actor_19/03-01-05-02-01-02-19.wav,Angry,5,4,0,Male,5,3 5 7,5,5,5,The best answer is 5. Angry.,3. Happy  5. Angry  7. Disgust,5. Angry,5. Angry,5. Angry
34,images/ravdess_subset/Actor_03/03-01-05-01-02-02-03.wav,Angry,5,4,0,Male,5,3 5 7,5,5,5,The best answer is 5. Angry.,3. Happy  5. Angry  7. Disgust,5. Angry,5. Angry,5. Angry
329,images/ravdess_subset/Actor_17/03-01-05-02-02-02-17.wav,Angry,5,4,0,Male,5,5 7 8,5,5,5,The best answer is 5. Angry.,5. Angry  7. Disgust  8. Surprised,5. Angry,5. Angry,5. Angry
134,images/ravdess_subset/Actor_22/03-01-05-01-01-02-22.wav,Angry,5,4,1,Female,5,5 7 8,5,5,5,The best answer is 5. Angry.,5. Angry  7. Disgust  8. Surprised,5. Angry,5. Angry,5. Angry
136,images/ravdess_subset/Actor_02/03-01-05-02-02-01-02.wav,Angry,5,4,1,Female,5,5 7 8,5,5,5,The best answer is 5. Angry.,5. Angry  7. Disgust  8. Surprised,5. Angry,5. Angry,5. Angry
138,images/ravdess_subset/Actor_19/03-01-05-02-01-01-19.wav,Angry,5,4,0,Male,5,3 5 7,5,5,5,The best answer is 5. Angry.,3. Happy  5. Angry  7. Disgust,5. Angry,5. Angry,5. Angry
245,images/ravdess_subset/Actor_20/03-01-05-02-02-01-20.wav,Angry,5,4,1,Female,5,5 7 8,5,5,5,The best answer is 5. Angry.,5. Angry  7. Disgust  8. Surprised,5. Angry,5. Angry,5. Angry
6,images/ravdess_subset/Actor_08/03-01-06-02-01-02-08.wav,Fearful,6,5,1,Female,6,3 4 6,3 6,3 6,3 6,The best answer is 6. Fearful.,3. Happy  4. Sad  6. Fearful,3. Happy  6. Fearful,3. Happy  6. Fearful,3. Happy  6. Fearful
92,images/ravdess_subset/Actor_01/03-01-06-02-02-02-01.wav,Fearful,6,5,0,Male,6,3 6 8,3 6,3 6 8,3 6 8,The best answer is 6. Fearful.,3. Happy  6. Fearful  8. Surprised,3. Happy  6. Fearful,3. Happy  6. Fearful  8. Surprised,3. Happy  6. Fearful  8. Surprised
98,images/ravdess_subset/Actor_03/03-01-06-01-02-02-03.wav,Fearful,6,5,0,Male,6,3 4 6,3 6,3 4 6,3 4 6,The best answer is 6. Fearful.,3. Happy  4. Sad  6. Fearful,3. Happy  6. Fearful,3. Happy  4. Sad  6. Fearful,3. Happy  4. Sad  6. Fearful
99,images/ravdess_subset/Actor_23/03-01-06-01-02-02-23.wav,Fearful,6,5,0,Male,4,3 4 6,3 4,3 4,3 4 6,The best answer is 6. Fearful.,3. Happy  4. Sad  6. Fearful,3. Happy  4. Sad,3. Happy  4. Sad,3. Happy  4. Sad  6. Fearful
344,images/ravdess_subset/Actor_14/03-01-06-01-02-02-14.wav,Fearful,6,5,1,Female,6,3 4 6,3 6,3 4 6,3 6,The best answer is 6. Fearful.,3. Happy  4. Sad  6. Fearful,3. Happy  6. Fearful,3. Happy  4. Sad  6. Fearful,3. Happy  6. Fearful
10,images/ravdess_subset/Actor_16/03-01-06-01-01-01-16.wav,Fearful,6,5,1,Female,6,3 6 8,3 6 8,3 6 8,3 6,The best answer is 6. Fearful.,3. Happy  6. Fearful  8. Surprised,3. Happy  6. Fearful  8. Surprised,3. Happy  6. Fearful  8. Surprised,3. Happy  6. Fearful
227,images/ravdess_subset/Actor_22/03-01-06-02-02-01-22.wav,Fearful,6,5,1,Female,6,3 4 6,3 4 6,3 4 6,3 4 6,The best answer is 6. Fearful.,3. Happy  4. Sad  6. Fearful,3. Happy  4. Sad  6. Fearful,3. Happy  4. Sad  6. Fearful,3. Happy  4. Sad  6. Fearful
299,images/ravdess_subset/Actor_06/03-01-06-01-01-02-06.wav,Fearful,6,5,1,Female,8,3 6 8,3 6 8,3 6 8,3 6 8,The best answer is 6. Fearful.,3. Happy  6. Fearful  8. Surprised,3. Happy  6. Fearful  8. Surprised,3. Happy  6. Fearful  8. Surprised,3. Happy  6. Fearful  8. Surprised
61,images/ravdess_subset/Actor_17/03-01-06-02-02-02-17.wav,Fearful,6,5,0,Male,6,3 6 8,3 6 8,3 6 8,3 6 8,The best answer is 6. Fearful.,3. Happy  6. Fearful  8. Surprised,3. Happy  6. Fearful  8. Surprised,3. Happy  6. Fearful  8. Surprised,3. Happy  6. Fearful  8. Surprised
271,images/ravdess_subset/Actor_18/03-01-06-01-01-01-18.wav,Fearful,6,5,1,Female,6,3 4 6,3 6,3 6,3 6,The best answer is 6. Fearful.,3. Happy  4. Sad  6. Fearful,3. Happy  6. Fearful,3. Happy  6. Fearful,3. Happy  6. Fearful
273,images/ravdess_subset/Actor_07/03-01-06-02-01-01-07.wav,Fearful,6,5,0,Male,6,3 6 8,3 6,3 6 8,3 6 8,The best answer is 6. Fearful.,3. Happy  6. Fearful  8. Surprised,3. Happy  6. Fearful,3. Happy  6. Fearful  8. Surprised,3. Happy  6. Fearful  8. Surprised
274,images/ravdess_subset/Actor_01/03-01-06-01-02-01-01.wav,Fearful,6,5,0,Male,3,3 4 6,3 4 6,3 4 6,3 4 6,The best answer is 6. Fearful.,3. Happy  4. Sad  6. Fearful,3. Happy  4. Sad  6. Fearful,3. Happy  4. Sad  6. Fearful,3. Happy  4. Sad  6. Fearful
265,images/ravdess_subset/Actor_09/03-01-06-02-01-02-09.wav,Fearful,6,5,0,Male,6,3 6 8,3 6 8,3 6 8,3 6 8,The best answer is 6. Fearful.,3. Happy  6. Fearful  8. Surprised,3. Happy  6. Fearful  8. Surprised,3. Happy  6. Fearful  8. Surprised,3. Happy  6. Fearful  8. Surprised
200,images/ravdess_subset/Actor_01/03-01-06-01-01-01-01.wav,Fearful,6,5,0,Male,3,3 4 6,3 4 6,3 4 6,3 4 6,The best answer is 6. Fearful.,3. Happy  4. Sad  6. Fearful,3. Happy  4. Sad  6. Fearful,3. Happy  4. Sad  6. Fearful,3. Happy  4. Sad  6. Fearful
194,images/ravdess_subset/Actor_06/03-01-06-02-02-02-06.wav,Fearful,6,5,1,Female,6,3 5 6,3 5 6,3 5 6,3 5 6,The best answer is 6. Fearful.,3. Happy  5. Angry  6. Fearful,3. Happy  5. Angry  6. Fearful,3. Happy  5. Angry  6. Fearful,3. Happy  5. Angry  6. Fearful
79,images/ravdess_subset/Actor_08/03-01-06-01-01-01-08.wav,Fearful,6,5,1,Female,6,3 6 8,3 6,3 6 8,3 6,The best answer is 6. Fearful.,3. Happy  6. Fearful  8. Surprised,3. Happy  6. Fearful,3. Happy  6. Fearful  8. Surprised,3. Happy  6. Fearful
119,images/ravdess_subset/Actor_13/03-01-06-01-01-02-13.wav,Fearful,6,5,0,Male,8,3 6 8,3 8,3 8,3 6 8,The best answer is 6. Fearful.,3. Happy  6. Fearful  8. Surprised,3. Happy  8. Surprised,3. Happy  8. Surprised,3. Happy  6. Fearful  8. Surprised
110,images/ravdess_subset/Actor_07/03-01-06-01-01-01-07.wav,Fearful,6,5,0,Male,6,3 4 6,3 4 6,3 4 6,3 4 6,The best answer is 6. Fearful.,3. Happy  4. Sad  6. Fearful,3. Happy  4. Sad  6. Fearful,3. Happy  4. Sad  6. Fearful,3. Happy  4. Sad  6. Fearful
251,images/ravdess_subset/Actor_13/03-01-06-02-01-02-13.wav,Fearful,6,5,0,Male,6,3 6 8,3 6 8,3 6 8,3 6 8,The best answer is 6. Fearful.,3. Happy  6. Fearful  8. Surprised,3. Happy  6. Fearful  8. Surprised,3. Happy  6. Fearful  8. Surprised,3. Happy  6. Fearful  8. Surprised
240,images/ravdess_subset/Actor_04/03-01-06-01-01-02-04.wav,Fearful,6,5,1,Female,6,3 6 8,3 6 8,3 6 8,3 6 8,The best answer is 6. Fearful.,3. Happy  6. Fearful  8. Surprised,3. Happy  6. Fearful  8. Surprised,3. Happy  6. Fearful  8. Surprised,3. Happy  6. Fearful  8. Surprised
233,images/ravdess_subset/Actor_20/03-01-06-02-01-02-20.wav,Fearful,6,5,1,Female,6,3 5 6,3 6,3 5 6,3 5 6,The best answer is 6. Fearful.,3. Happy  5. Angry  6. Fearful,3. Happy  6. Fearful,3. Happy  5. Angry  6. Fearful,3. Happy  5. Angry  6. Fearful
309,images/ravdess_subset/Actor_23/03-01-06-02-02-01-23.wav,Fearful,6,5,0,Male,6,3 6 8,3 5 6 8,3 6 8,3 6 8,The best answer is 6. Fearful.,3. Happy  6. Fearful  8. Surprised,3. Happy  5. Angry  6. Fearful  8. Surprised,3. Happy  6. Fearful  8. Surprised,3. Happy  6. Fearful  8. Surprised
185,images/ravdess_subset/Actor_20/03-01-06-02-01-01-20.wav,Fearful,6,5,1,Female,6,3 4 6,3 6,3 6,3 6,The best answer is 6. Fearful.,3. Happy  4. Sad  6. Fearful,3. Happy  6. Fearful,3. Happy  6. Fearful,3. Happy  6. Fearful
187,images/ravdess_subset/Actor_18/03-01-06-01-02-02-18.wav,Fearful,6,5,1,Female,6,3 4 6,3 4 6,3 4 6,3 4 6,The best answer is 6. Fearful.,3. Happy  4. Sad  6. Fearful,3. Happy  4. Sad  6. Fearful,3. Happy  4. Sad  6. Fearful,3. Happy  4. Sad  6. Fearful
173,images/ravdess_subset/Actor_17/03-01-06-02-02-01-17.wav,Fearful,6,5,0,Male,8,3 6 8,3 5 6 8,3 6 8,3 6 8,The best answer is 6. Fearful.,3. Happy  6. Fearful  8. Surprised,3. Happy  5. Angry  6. Fearful  8. Surprised,3. Happy  6. Fearful  8. Surprised,3. Happy  6. Fearful  8. Surprised
176,images/ravdess_subset/Actor_14/03-01-06-01-01-01-14.wav,Fearful,6,5,1,Female,6,3 4 6,3 4 6,3 4 6,3 4 6,The best answer is 6. Fearful.,3. Happy  4. Sad  6. Fearful,3. Happy  4. Sad  6. Fearful,3. Happy  4. Sad  6. Fearful,3. Happy  4. Sad  6. Fearful
318,images/ravdess_subset/Actor_24/03-01-06-02-02-02-24.wav,Fearful,6,5,1,Female,6,3 6 8,3 6 8,3 6 8,3 6,The best answer is 6. Fearful.,3. Happy  6. Fearful  8. Surprised,3. Happy  6. Fearful  8. Surprised,3. Happy  6. Fearful  8. Surprised,3. Happy  6. Fearful
320,images/ravdess_subset/Actor_22/03-01-06-01-01-01-22.wav,Fearful,6,5,1,Female,4,2 3 4,4,2 4,4,The best answer is 6. Fearful.,2. Calm  3. Happy  4. Sad,4. Sad,2. Calm  4. Sad,4. Sad
137,images/ravdess_subset/Actor_02/03-01-06-01-01-01-02.wav,Fearful,6,5,1,Female,6,3 4 6,3 4 6,3 4 6,3 4 6,The best answer is 6. Fearful.,3. Happy  4. Sad  6. Fearful,3. Happy  4. Sad  6. Fearful,3. Happy  4. Sad  6. Fearful,3. Happy  4. Sad  6. Fearful
139,images/ravdess_subset/Actor_16/03-01-06-02-02-02-16.wav,Fearful,6,5,1,Female,6,3 4 6,3 6,3 6,3 6,The best answer is 6. Fearful.,3. Happy  4. Sad  6. Fearful,3. Happy  6. Fearful,3. Happy  6. Fearful,3. Happy  6. Fearful
255,images/ravdess_subset/Actor_18/03-01-06-02-01-01-18.wav,Fearful,6,5,1,Female,6,3 4 6,3 4 6,3 4 6,3 6,The best answer is 6. Fearful.,3. Happy  4. Sad  6. Fearful,3. Happy  4. Sad  6. Fearful,3. Happy  4. Sad  6. Fearful,3. Happy  6. Fearful
259,images/ravdess_subset/Actor_22/03-01-06-02-01-01-22.wav,Fearful,6,5,1,Female,6,3 6 8,3 6,3 6,3 6,The best answer is 6. Fearful.,3. Happy  6. Fearful  8. Surprised,3. Happy  6. Fearful,3. Happy  6. Fearful,3. Happy  6. Fearful
179,images/ravdess_subset/Actor_21/03-01-06-02-02-02-21.wav,Fearful,6,5,0,Male,6,3 6 8,3 6,3 6 8,3 6 8,The best answer is 6. Fearful.,3. Happy  6. Fearful  8. Surprised,3. Happy  6. Fearful,3. Happy  6. Fearful  8. Surprised,3. Happy  6. Fearful  8. Surprised
169,images/ravdess_subset/Actor_10/03-01-06-02-01-01-10.wav,Fearful,6,5,1,Female,6,3 6 8,3 6,3 6 8,3 6,The best answer is 6. Fearful.,3. Happy  6. Fearful  8. Surprised,3. Happy  6. Fearful,3. Happy  6. Fearful  8. Surprised,3. Happy  6. Fearful
82,images/ravdess_subset/Actor_13/03-01-06-02-02-02-13.wav,Fearful,6,5,0,Male,4,3 4 6,3 4 6,3 4 6,3 4 6,The best answer is 6. Fearful.,3. Happy  4. Sad  6. Fearful,3. Happy  4. Sad  6. Fearful,3. Happy  4. Sad  6. Fearful,3. Happy  4. Sad  6. Fearful
326,images/ravdess_subset/Actor_19/03-01-06-01-02-01-19.wav,Fearful,6,5,0,Male,6,3 6 8,3 6 8,3 6 8,3 6 8,The best answer is 6. Fearful.,3. Happy  6. Fearful  8. Surprised,3. Happy  6. Fearful  8. Surprised,3. Happy  6. Fearful  8. Surprised,3. Happy  6. Fearful  8. Surprised
59,images/ravdess_subset/Actor_18/03-01-06-01-02-01-18.wav,Fearful,6,5,1,Female,6,3 4 6,3 4 6,3 4 6,3 4 6,The best answer is 6. Fearful.,3. Happy  4. Sad  6. Fearful,3. Happy  4. Sad  6. Fearful,3. Happy  4. Sad  6. Fearful,3. Happy  4. Sad  6. Fearful
44,images/ravdess_subset/Actor_23/03-01-06-01-01-01-23.wav,Fearful,6,5,0,Male,3,3 4 6,3 4 6,3 4 6,3 4 6,The best answer is 6. Fearful.,3. Happy  4. Sad  6. Fearful,3. Happy  4. Sad  6. Fearful,3. Happy  4. Sad  6. Fearful,3. Happy  4. Sad  6. Fearful
335,images/ravdess_subset/Actor_21/03-01-06-01-02-01-21.wav,Fearful,6,5,0,Male,4,3 4 6,3 4 6,3 4 6,3 4 6,The best answer is 6. Fearful.,3. Happy  4. Sad  6. Fearful,3. Happy  4. Sad  6. Fearful,3. Happy  4. Sad  6. Fearful,3. Happy  4. Sad  6. Fearful
37,images/ravdess_subset/Actor_12/03-01-06-02-02-01-12.wav,Fearful,6,5,1,Female,6,3 6 8,3 5 6 8,3 6 8,3 6 8,The best answer is 6. Fearful.,3. Happy  6. Fearful  8. Surprised,3. Happy  5. Angry  6. Fearful  8. Surprised,3. Happy  6. Fearful  8. Surprised,3. Happy  6. Fearful  8. Surprised
42,images/ravdess_subset/Actor_01/03-01-06-02-02-01-01.wav,Fearful,6,5,0,Male,6,3 6 8,3 6,3 6,3 6 8,The best answer is 6. Fearful.,3. Happy  6. Fearful  8. Surprised,3. Happy  6. Fearful,3. Happy  6. Fearful,3. Happy  6. Fearful  8. Surprised
43,images/ravdess_subset/Actor_07/03-01-06-02-02-01-07.wav,Fearful,6,5,0,Male,6,3 6 8,3 6,3 6,3 6 8,The best answer is 6. Fearful.,3. Happy  6. Fearful  8. Surprised,3. Happy  6. Fearful,3. Happy  6. Fearful,3. Happy  6. Fearful  8. Surprised
4,images/ravdess_subset/Actor_04/03-01-06-02-01-02-04.wav,Fearful,6,5,1,Female,6,3 6 8,3 6,3 6 8,3 6,The best answer is 6. Fearful.,3. Happy  6. Fearful  8. Surprised,3. Happy  6. Fearful,3. Happy  6. Fearful  8. Surprised,3. Happy  6. Fearful
2,images/ravdess_subset/Actor_12/03-01-06-02-01-01-12.wav,Fearful,6,5,1,Female,6,3 4 6,3 6,3 6,3 6,The best answer is 6. Fearful.,3. Happy  4. Sad  6. Fearful,3. Happy  6. Fearful,3. Happy  6. Fearful,3. Happy  6. Fearful
1,images/ravdess_subset/Actor_23/03-01-06-01-02-01-23.wav,Fearful,6,5,0,Male,4,1 2 4,2 4,2 4,1 2 4,The best answer is 6. Fearful.,1. Neutral  2. Calm  4. Sad,2. Calm  4. Sad,2. Calm  4. Sad,1. Neutral  2. Calm  4. Sad
32,images/ravdess_subset/Actor_22/03-01-07-02-01-02-22.wav,Disgust,7,6,1,Female,7,2 5 7,5 7,7,7,The best answer is 7. Disgust.,2. Calm  5. Angry  7. Disgust,5. Angry  7. Disgust,7. Disgust,7. Disgust
21,images/ravdess_subset/Actor_20/03-01-07-02-01-01-20.wav,Disgust,7,6,1,Female,7,2 5 7,7,7,7,The best answer is 7. Disgust.,2. Calm  5. Angry  7. Disgust,7. Disgust,7. Disgust,7. Disgust
55,images/ravdess_subset/Actor_14/03-01-07-02-02-01-14.wav,Disgust,7,6,1,Female,7,2 5 7,7,7,7,The best answer is 7. Disgust.,2. Calm  5. Angry  7. Disgust,7. Disgust,7. Disgust,7. Disgust
157,images/ravdess_subset/Actor_20/03-01-07-01-01-01-20.wav,Disgust,7,6,1,Female,7,2 5 7,7,7,7,The best answer is 7. Disgust.,2. Calm  5. Angry  7. Disgust,7. Disgust,7. Disgust,7. Disgust
163,images/ravdess_subset/Actor_10/03-01-07-02-01-02-10.wav,Disgust,7,6,1,Female,5,2 5 7,5 7,5 7,5 7,The best answer is 7. Disgust.,2. Calm  5. Angry  7. Disgust,5. Angry  7. Disgust,5. Angry  7. Disgust,5. Angry  7. Disgust
154,images/ravdess_subset/Actor_01/03-01-07-02-01-02-01.wav,Disgust,7,6,0,Male,7,2 4 7,4 7,2 4 7,2 4 7,The best answer is 7. Disgust.,2. Calm  4. Sad  7. Disgust,4. Sad  7. Disgust,2. Calm  4. Sad  7. Disgust,2. Calm  4. Sad  7. Disgust
141,images/ravdess_subset/Actor_15/03-01-07-02-01-02-15.wav,Disgust,7,6,0,Male,7,2 4 7,7,7,2 4 7,The best answer is 7. Disgust.,2. Calm  4. Sad  7. Disgust,7. Disgust,7. Disgust,2. Calm  4. Sad  7. Disgust
143,images/ravdess_subset/Actor_09/03-01-07-02-01-02-09.wav,Disgust,7,6,0,Male,7,2 4 7,7,7,7,The best answer is 7. Disgust.,2. Calm  4. Sad  7. Disgust,7. Disgust,7. Disgust,7. Disgust
317,images/ravdess_subset/Actor_14/03-01-07-01-02-01-14.wav,Disgust,7,6,1,Female,7,2 5 7,7,7,7,The best answer is 7. Disgust.,2. Calm  5. Angry  7. Disgust,7. Disgust,7. Disgust,7. Disgust
249,images/ravdess_subset/Actor_17/03-01-07-01-02-02-17.wav,Disgust,7,6,0,Male,7,2 5 7,7,7,7,The best answer is 7. Disgust.,2. Calm  5. Angry  7. Disgust,7. Disgust,7. Disgust,7. Disgust
308,images/ravdess_subset/Actor_22/03-01-07-01-01-01-22.wav,Disgust,7,6,1,Female,7,2 5 7,2 7,2 7,2 7,The best answer is 7. Disgust.,2. Calm  5. Angry  7. Disgust,2. Calm  7. Disgust,2. Calm  7. Disgust,2. Calm  7. Disgust
310,images/ravdess_subset/Actor_18/03-01-07-01-02-02-18.wav,Disgust,7,6,1,Female,7,2 5 7,5 7,5 7,7,The best answer is 7. Disgust.,2. Calm  5. Angry  7. Disgust,5. Angry  7. Disgust,5. Angry  7. Disgust,7. Disgust
304,images/ravdess_subset/Actor_03/03-01-07-01-02-01-03.wav,Disgust,7,6,0,Male,7,2 5 7,7,7,7,The best answer is 7. Disgust.,2. Calm  5. Angry  7. Disgust,7. Disgust,7. Disgust,7. Disgust
127,images/ravdess_subset/Actor_23/03-01-07-02-01-01-23.wav,Disgust,7,6,0,Male,7,2 5 7,5 7,5 7,7,The best answer is 7. Disgust.,2. Calm  5. Angry  7. Disgust,5. Angry  7. Disgust,5. Angry  7. Disgust,7. Disgust
128,images/ravdess_subset/Actor_12/03-01-07-02-01-02-12.wav,Disgust,7,6,1,Female,7,2 5 7,7,7,7,The best answer is 7. Disgust.,2. Calm  5. Angry  7. Disgust,7. Disgust,7. Disgust,7. Disgust
85,images/ravdess_subset/Actor_09/03-01-07-01-01-01-09.wav,Disgust,7,6,0,Male,7,2 4 7,7,7,7,The best answer is 7. Disgust.,2. Calm  4. Sad  7. Disgust,7. Disgust,7. Disgust,7. Disgust
86,images/ravdess_subset/Actor_12/03-01-07-01-02-01-12.wav,Disgust,7,6,1,Female,2,1 2 7,2,2,2,The best answer is 7. Disgust.,1. Neutral  2. Calm  7. Disgust,2. Calm,2. Calm,2. Calm
88,images/ravdess_subset/Actor_19/03-01-07-02-02-01-19.wav,Disgust,7,6,0,Male,5,2 5 7,5 7,5 7,5 7,The best answer is 7. Disgust.,2. Calm  5. Angry  7. Disgust,5. Angry  7. Disgust,5. Angry  7. Disgust,5. Angry  7. Disgust
76,images/ravdess_subset/Actor_05/03-01-07-02-01-01-05.wav,Disgust,7,6,0,Male,7,2 5 7,5 7,7,5 7,The best answer is 7. Disgust.,2. Calm  5. Angry  7. Disgust,5. Angry  7. Disgust,7. Disgust,5. Angry  7. Disgust
80,images/ravdess_subset/Actor_18/03-01-07-02-02-02-18.wav,Disgust,7,6,1,Female,7,2 5 7,5 7,5 7,5 7,The best answer is 7. Disgust.,2. Calm  5. Angry  7. Disgust,5. Angry  7. Disgust,5. Angry  7. Disgust,5. Angry  7. Disgust
131,images/ravdess_subset/Actor_15/03-01-07-01-02-02-15.wav,Disgust,7,6,0,Male,5,5 7 8,5,5,5 7,The best answer is 7. Disgust.,5. Angry  7. Disgust  8. Surprised,5. Angry,5. Angry,5. Angry  7. Disgust
116,images/ravdess_subset/Actor_21/03-01-07-02-01-01-21.wav,Disgust,7,6,0,Male,7,2 5 7,5 7,5 7,5 7,The best answer is 7. Disgust.,2. Calm  5. Angry  7. Disgust,5. Angry  7. Disgust,5. Angry  7. Disgust,5. Angry  7. Disgust
120,images/ravdess_subset/Actor_09/03-01-07-01-02-01-09.wav,Disgust,7,6,0,Male,7,2 4 7,2 4 7,2 4 7,2 4 7,The best answer is 7. Disgust.,2. Calm  4. Sad  7. Disgust,2. Calm  4. Sad  7. Disgust,2. Calm  4. Sad  7. Disgust,2. Calm  4. Sad  7. Disgust
52,images/ravdess_subset/Actor_23/03-01-07-01-02-01-23.wav,Disgust,7,6,0,Male,7,2 5 7,7,7,7,The best answer is 7. Disgust.,2. Calm  5. Angry  7. Disgust,7. Disgust,7. Disgust,7. Disgust
207,images/ravdess_subset/Actor_13/03-01-07-02-01-01-13.wav,Disgust,7,6,0,Male,7,2 5 7,7,7,7,The best answer is 7. Disgust.,2. Calm  5. Angry  7. Disgust,7. Disgust,7. Disgust,7. Disgust
197,images/ravdess_subset/Actor_22/03-01-07-02-02-01-22.wav,Disgust,7,6,1,Female,7,2 5 7,7,7,7,The best answer is 7. Disgust.,2. Calm  5. Angry  7. Disgust,7. Disgust,7. Disgust,7. Disgust
203,images/ravdess_subset/Actor_20/03-01-07-02-02-02-20.wav,Disgust,7,6,1,Female,7,2 5 7,5 7,5 7,5 7,The best answer is 7. Disgust.,2. Calm  5. Angry  7. Disgust,5. Angry  7. Disgust,5. Angry  7. Disgust,5. Angry  7. Disgust
183,images/ravdess_subset/Actor_15/03-01-07-02-01-01-15.wav,Disgust,7,6,0,Male,5,2 5 7,5 7,5 7,5 7,The best answer is 7. Disgust.,2. Calm  5. Angry  7. Disgust,5. Angry  7. Disgust,5. Angry  7. Disgust,5. Angry  7. Disgust
322,images/ravdess_subset/Actor_06/03-01-07-01-01-01-06.wav,Disgust,7,6,1,Female,7,2 4 7,7,7,7,The best answer is 7. Disgust.,2. Calm  4. Sad  7. Disgust,7. Disgust,7. Disgust,7. Disgust
101,images/ravdess_subset/Actor_21/03-01-07-02-02-02-21.wav,Disgust,7,6,0,Male,7,2 5 7,5 7,5 7,5 7,The best answer is 7. Disgust.,2. Calm  5. Angry  7. Disgust,5. Angry  7. Disgust,5. Angry  7. Disgust,5. Angry  7. Disgust
106,images/ravdess_subset/Actor_23/03-01-07-02-01-02-23.wav,Disgust,7,6,0,Male,7,2 5 7,7,7,5 7,The best answer is 7. Disgust.,2. Calm  5. Angry  7. Disgust,7. Disgust,7. Disgust,5. Angry  7. Disgust
286,images/ravdess_subset/Actor_19/03-01-07-02-01-01-19.wav,Disgust,7,6,0,Male,7,2 4 7,4 7,7,4 7,The best answer is 7. Disgust.,2. Calm  4. Sad  7. Disgust,4. Sad  7. Disgust,7. Disgust,4. Sad  7. Disgust
291,images/ravdess_subset/Actor_12/03-01-07-02-01-01-12.wav,Disgust,7,6,1,Female,7,2 5 7,5 7,5 7,5 7,The best answer is 7. Disgust.,2. Calm  5. Angry  7. Disgust,5. Angry  7. Disgust,5. Angry  7. Disgust,5. Angry  7. Disgust
219,images/ravdess_subset/Actor_11/03-01-07-02-01-01-11.wav,Disgust,7,6,0,Male,7,2 5 7,7,7,5 7,The best answer is 7. Disgust.,2. Calm  5. Angry  7. Disgust,7. Disgust,7. Disgust,5. Angry  7. Disgust
292,images/ravdess_subset/Actor_15/03-01-07-02-02-02-15.wav,Disgust,7,6,0,Male,7,2 5 7,5 7,5 7,5 7,The best answer is 7. Disgust.,2. Calm  5. Angry  7. Disgust,5. Angry  7. Disgust,5. Angry  7. Disgust,5. Angry  7. Disgust
63,images/ravdess_subset/Actor_17/03-01-07-01-01-01-17.wav,Disgust,7,6,0,Male,7,2 5 7,7,7,2 7,The best answer is 7. Disgust.,2. Calm  5. Angry  7. Disgust,7. Disgust,7. Disgust,2. Calm  7. Disgust
65,images/ravdess_subset/Actor_06/03-01-07-01-02-02-06.wav,Disgust,7,6,1,Female,7,2 4 7,7,7,7,The best answer is 7. Disgust.,2. Calm  4. Sad  7. Disgust,7. Disgust,7. Disgust,7. Disgust
350,images/ravdess_subset/Actor_02/03-01-07-02-02-02-02.wav,Disgust,7,6,1,Female,7,2 5 7,5 7,5 7,7,The best answer is 7. Disgust.,2. Calm  5. Angry  7. Disgust,5. Angry  7. Disgust,5. Angry  7. Disgust,7. Disgust
352,images/ravdess_subset/Actor_18/03-01-07-01-01-02-18.wav,Disgust,7,6,1,Female,7,2 5 7,5 7,5 7,7,The best answer is 7. Disgust.,2. Calm  5. Angry  7. Disgust,5. Angry  7. Disgust,5. Angry  7. Disgust,7. Disgust
340,images/ravdess_subset/Actor_18/03-01-07-01-01-01-18.wav,Disgust,7,6,1,Female,7,2 5 7,7,7,7,The best answer is 7. Disgust.,2. Calm  5. Angry  7. Disgust,7. Disgust,7. Disgust,7. Disgust
341,images/ravdess_subset/Actor_10/03-01-07-02-01-01-10.wav,Disgust,7,6,1,Female,7,2 5 7,7,7,7,The best answer is 7. Disgust.,2. Calm  5. Angry  7. Disgust,7. Disgust,7. Disgust,7. Disgust
45,images/ravdess_subset/Actor_02/03-01-07-01-01-01-02.wav,Disgust,7,6,1,Female,7,4 5 7,7,7,7,The best answer is 7. Disgust.,4. Sad  5. Angry  7. Disgust,7. Disgust,7. Disgust,7. Disgust
47,images/ravdess_subset/Actor_04/03-01-07-02-02-01-04.wav,Disgust,7,6,1,Female,7,4 5 7,5 7,7,7,The best answer is 7. Disgust.,4. Sad  5. Angry  7. Disgust,5. Angry  7. Disgust,7. Disgust,7. Disgust
27,images/ravdess_subset/Actor_04/03-01-07-01-01-02-04.wav,Disgust,7,6,1,Female,7,2 5 7,7,7,7,The best answer is 7. Disgust.,2. Calm  5. Angry  7. Disgust,7. Disgust,7. Disgust,7. Disgust
17,images/ravdess_subset/Actor_21/03-01-07-02-02-01-21.wav,Disgust,7,6,0,Male,7,2 5 7,7,7,7,The best answer is 7. Disgust.,2. Calm  5. Angry  7. Disgust,7. Disgust,7. Disgust,7. Disgust
261,images/ravdess_subset/Actor_24/03-01-08-01-01-01-24.wav,Surprised,8,7,1,Female,8,1 3 8,1 3 8,1 3 8,3 8,The best answer is 8. Surprised.,1. Neutral  3. Happy  8. Surprised,1. Neutral  3. Happy  8. Surprised,1. Neutral  3. Happy  8. Surprised,3. Happy  8. Surprised
93,images/ravdess_subset/Actor_08/03-01-08-01-02-02-08.wav,Surprised,8,7,1,Female,8,3 6 8,3 8,3 8,8,The best answer is 8. Surprised.,3. Happy  6. Fearful  8. Surprised,3. Happy  8. Surprised,3. Happy  8. Surprised,8. Surprised
97,images/ravdess_subset/Actor_03/03-01-08-01-02-01-03.wav,Surprised,8,7,0,Male,8,1 3 8,1 3 6 8,1 3 8,1 3 8,The best answer is 8. Surprised.,1. Neutral  3. Happy  8. Surprised,1. Neutral  3. Happy  6. Fearful  8. Surprised,1. Neutral  3. Happy  8. Surprised,1. Neutral  3. Happy  8. Surprised
288,images/ravdess_subset/Actor_24/03-01-08-02-02-01-24.wav,Surprised,8,7,1,Female,8,3 6 8,3 8,3 8,8,The best answer is 8. Surprised.,3. Happy  6. Fearful  8. Surprised,3. Happy  8. Surprised,3. Happy  8. Surprised,8. Surprised
276,images/ravdess_subset/Actor_09/03-01-08-02-01-02-09.wav,Surprised,8,7,0,Male,8,1 3 8,1 3 8,1 3 8,1 3 8,The best answer is 8. Surprised.,1. Neutral  3. Happy  8. Surprised,1. Neutral  3. Happy  8. Surprised,1. Neutral  3. Happy  8. Surprised,1. Neutral  3. Happy  8. Surprised
278,images/ravdess_subset/Actor_21/03-01-08-01-01-01-21.wav,Surprised,8,7,0,Male,8,3 6 8,3 8,8,3 8,The best answer is 8. Surprised.,3. Happy  6. Fearful  8. Surprised,3. Happy  8. Surprised,8. Surprised,3. Happy  8. Surprised
112,images/ravdess_subset/Actor_11/03-01-08-02-01-02-11.wav,Surprised,8,7,0,Male,8,3 6 8,3 8,3 8,3 8,The best answer is 8. Surprised.,3. Happy  6. Fearful  8. Surprised,3. Happy  8. Surprised,3. Happy  8. Surprised,3. Happy  8. Surprised
100,images/ravdess_subset/Actor_04/03-01-08-01-01-02-04.wav,Surprised,8,7,1,Female,8,3 6 8,3 8,3 8,8,The best answer is 8. Surprised.,3. Happy  6. Fearful  8. Surprised,3. Happy  8. Surprised,3. Happy  8. Surprised,8. Surprised
87,images/ravdess_subset/Actor_19/03-01-08-02-01-02-19.wav,Surprised,8,7,0,Male,8,3 6 8,3 8,3 8,3 6 8,The best answer is 8. Surprised.,3. Happy  6. Fearful  8. Surprised,3. Happy  8. Surprised,3. Happy  8. Surprised,3. Happy  6. Fearful  8. Surprised
89,images/ravdess_subset/Actor_18/03-01-08-02-01-01-18.wav,Surprised,8,7,1,Female,8,3 6 8,3 8,3 8,3 8,The best answer is 8. Surprised.,3. Happy  6. Fearful  8. Surprised,3. Happy  8. Surprised,3. Happy  8. Surprised,3. Happy  8. Surprised
239,images/ravdess_subset/Actor_05/03-01-08-02-01-02-05.wav,Surprised,8,7,0,Male,8,3 6 8,3 8,3 8,3 8,The best answer is 8. Surprised.,3. Happy  6. Fearful  8. Surprised,3. Happy  8. Surprised,3. Happy  8. Surprised,3. Happy  8. Surprised
241,images/ravdess_subset/Actor_10/03-01-08-02-02-02-10.wav,Surprised,8,7,1,Female,8,3 6 8,3 6 8,3 6 8,3 8,The best answer is 8. Surprised.,3. Happy  6. Fearful  8. Surprised,3. Happy  6. Fearful  8. Surprised,3. Happy  6. Fearful  8. Surprised,3. Happy  8. Surprised
124,images/ravdess_subset/Actor_21/03-01-08-01-02-02-21.wav,Surprised,8,7,0,Male,8,3 6 8,3 8,3 8,3 8,The best answer is 8. Surprised.,3. Happy  6. Fearful  8. Surprised,3. Happy  8. Surprised,3. Happy  8. Surprised,3. Happy  8. Surprised
130,images/ravdess_subset/Actor_16/03-01-08-02-02-02-16.wav,Surprised,8,7,1,Female,8,3 6 8,3 8,8,8,The best answer is 8. Surprised.,3. Happy  6. Fearful  8. Surprised,3. Happy  8. Surprised,8. Surprised,8. Surprised
146,images/ravdess_subset/Actor_11/03-01-08-01-01-02-11.wav,Surprised,8,7,0,Male,8,3 6 8,3 8,3 8,3 6 8,The best answer is 8. Surprised.,3. Happy  6. Fearful  8. Surprised,3. Happy  8. Surprised,3. Happy  8. Surprised,3. Happy  6. Fearful  8. Surprised
238,images/ravdess_subset/Actor_17/03-01-08-01-02-01-17.wav,Surprised,8,7,0,Male,8,3 6 8,3 8,8,3 8,The best answer is 8. Surprised.,3. Happy  6. Fearful  8. Surprised,3. Happy  8. Surprised,8. Surprised,3. Happy  8. Surprised
81,images/ravdess_subset/Actor_02/03-01-08-01-01-02-02.wav,Surprised,8,7,1,Female,8,3 6 8,3 8,8,8,The best answer is 8. Surprised.,3. Happy  6. Fearful  8. Surprised,3. Happy  8. Surprised,8. Surprised,8. Surprised
68,images/ravdess_subset/Actor_15/03-01-08-02-02-01-15.wav,Surprised,8,7,0,Male,8,3 6 8,1 3 4 6 8,3 6 8,3 6 8,The best answer is 8. Surprised.,3. Happy  6. Fearful  8. Surprised,1. Neutral  3. Happy  4. Sad  6. Fearful  8. Surprised,3. Happy  6. Fearful  8. Surprised,3. Happy  6. Fearful  8. Surprised
69,images/ravdess_subset/Actor_03/03-01-08-02-01-02-03.wav,Surprised,8,7,0,Male,8,3 6 8,3 5 6 8,3 6 8,3 6 8,The best answer is 8. Surprised.,3. Happy  6. Fearful  8. Surprised,3. Happy  5. Angry  6. Fearful  8. Surprised,3. Happy  6. Fearful  8. Surprised,3. Happy  6. Fearful  8. Surprised
73,images/ravdess_subset/Actor_03/03-01-08-01-01-02-03.wav,Surprised,8,7,0,Male,3,3 6 8,3 6 8,3 6 8,3 6 8,The best answer is 8. Surprised.,3. Happy  6. Fearful  8. Surprised,3. Happy  6. Fearful  8. Surprised,3. Happy  6. Fearful  8. Surprised,3. Happy  6. Fearful  8. Surprised
158,images/ravdess_subset/Actor_04/03-01-08-02-01-01-04.wav,Surprised,8,7,1,Female,8,3 6 8,3 8,8,8,The best answer is 8. Surprised.,3. Happy  6. Fearful  8. Surprised,3. Happy  8. Surprised,8. Surprised,8. Surprised
161,images/ravdess_subset/Actor_04/03-01-08-01-02-02-04.wav,Surprised,8,7,1,Female,8,1 3 8,3 8,1 3 8,8,The best answer is 8. Surprised.,1. Neutral  3. Happy  8. Surprised,3. Happy  8. Surprised,1. Neutral  3. Happy  8. Surprised,8. Surprised
151,images/ravdess_subset/Actor_08/03-01-08-01-01-02-08.wav,Surprised,8,7,1,Female,8,1 3 8,3 8,3 8,8,The best answer is 8. Surprised.,1. Neutral  3. Happy  8. Surprised,3. Happy  8. Surprised,3. Happy  8. Surprised,8. Surprised
142,images/ravdess_subset/Actor_19/03-01-08-02-01-01-19.wav,Surprised,8,7,0,Male,8,1 3 8,3 8,8,3 8,The best answer is 8. Surprised.,1. Neutral  3. Happy  8. Surprised,3. Happy  8. Surprised,8. Surprised,3. Happy  8. Surprised
170,images/ravdess_subset/Actor_08/03-01-08-01-02-01-08.wav,Surprised,8,7,1,Female,8,3 6 8,3 8,8,8,The best answer is 8. Surprised.,3. Happy  6. Fearful  8. Surprised,3. Happy  8. Surprised,8. Surprised,8. Surprised
321,images/ravdess_subset/Actor_10/03-01-08-02-02-01-10.wav,Surprised,8,7,1,Female,8,3 6 8,3 8,3 8,8,The best answer is 8. Surprised.,3. Happy  6. Fearful  8. Surprised,3. Happy  8. Surprised,3. Happy  8. Surprised,8. Surprised
301,images/ravdess_subset/Actor_06/03-01-08-01-02-01-06.wav,Surprised,8,7,1,Female,8,1 3 8,1 3 8,1 3 8,1 3 8,The best answer is 8. Surprised.,1. Neutral  3. Happy  8. Surprised,1. Neutral  3. Happy  8. Surprised,1. Neutral  3. Happy  8. Surprised,1. Neutral  3. Happy  8. Surprised
305,images/ravdess_subset/Actor_02/03-01-08-02-01-01-02.wav,Surprised,8,7,1,Female,8,3 6 8,3 8,8,8,The best answer is 8. Surprised.,3. Happy  6. Fearful  8. Surprised,3. Happy  8. Surprised,8. Surprised,8. Surprised
208,images/ravdess_subset/Actor_01/03-01-08-01-01-02-01.wav,Surprised,8,7,0,Male,1,1 2 8,1 2 8,1 2 8,1 2 8,The best answer is 8. Surprised.,1. Neutral  2. Calm  8. Surprised,1. Neutral  2. Calm  8. Surprised,1. Neutral  2. Calm  8. Surprised,1. Neutral  2. Calm  8. Surprised
188,images/ravdess_subset/Actor_17/03-01-08-02-01-02-17.wav,Surprised,8,7,0,Male,8,3 6 8,3 6 8,3 8,3 6 8,The best answer is 8. Surprised.,3. Happy  6. Fearful  8. Surprised,3. Happy  6. Fearful  8. Surprised,3. Happy  8. Surprised,3. Happy  6. Fearful  8. Surprised
298,images/ravdess_subset/Actor_13/03-01-08-01-02-01-13.wav,Surprised,8,7,0,Male,8,1 3 8,1 3 8,1 3 8,1 3 8,The best answer is 8. Surprised.,1. Neutral  3. Happy  8. Surprised,1. Neutral  3. Happy  8. Surprised,1. Neutral  3. Happy  8. Surprised,1. Neutral  3. Happy  8. Surprised
62,images/ravdess_subset/Actor_14/03-01-08-01-02-02-14.wav,Surprised,8,7,1,Female,8,1 3 8,3 8,8,8,The best answer is 8. Surprised.,1. Neutral  3. Happy  8. Surprised,3. Happy  8. Surprised,8. Surprised,8. Surprised
221,images/ravdess_subset/Actor_19/03-01-08-01-02-01-19.wav,Surprised,8,7,0,Male,8,1 3 8,3 8,1 3 8,1 3 8,The best answer is 8. Surprised.,1. Neutral  3. Happy  8. Surprised,3. Happy  8. Surprised,1. Neutral  3. Happy  8. Surprised,1. Neutral  3. Happy  8. Surprised
222,images/ravdess_subset/Actor_19/03-01-08-01-01-02-19.wav,Surprised,8,7,0,Male,8,1 3 8,3 8,3 8,1 3 8,The best answer is 8. Surprised.,1. Neutral  3. Happy  8. Surprised,3. Happy  8. Surprised,3. Happy  8. Surprised,1. Neutral  3. Happy  8. Surprised
225,images/ravdess_subset/Actor_16/03-01-08-01-02-01-16.wav,Surprised,8,7,1,Female,8,3 6 8,3 8,8,8,The best answer is 8. Surprised.,3. Happy  6. Fearful  8. Surprised,3. Happy  8. Surprised,8. Surprised,8. Surprised
214,images/ravdess_subset/Actor_01/03-01-08-02-01-02-01.wav,Surprised,8,7,0,Male,8,3 6 8,3 6 8,3 6 8,3 6 8,The best answer is 8. Surprised.,3. Happy  6. Fearful  8. Surprised,3. Happy  6. Fearful  8. Surprised,3. Happy  6. Fearful  8. Surprised,3. Happy  6. Fearful  8. Surprised
217,images/ravdess_subset/Actor_02/03-01-08-02-02-01-02.wav,Surprised,8,7,1,Female,8,3 6 8,8,8,8,The best answer is 8. Surprised.,3. Happy  6. Fearful  8. Surprised,8. Surprised,8. Surprised,8. Surprised
23,images/ravdess_subset/Actor_10/03-01-08-01-02-01-10.wav,Surprised,8,7,1,Female,8,3 6 8,3 8,3 8,3 8,The best answer is 8. Surprised.,3. Happy  6. Fearful  8. Surprised,3. Happy  8. Surprised,3. Happy  8. Surprised,3. Happy  8. Surprised
13,images/ravdess_subset/Actor_08/03-01-08-02-02-02-08.wav,Surprised,8,7,1,Female,8,3 6 8,3 8,3 8,8,The best answer is 8. Surprised.,3. Happy  6. Fearful  8. Surprised,3. Happy  8. Surprised,3. Happy  8. Surprised,8. Surprised
14,images/ravdess_subset/Actor_15/03-01-08-02-01-01-15.wav,Surprised,8,7,0,Male,8,3 6 8,3 6 8,3 6 8,3 6 8,The best answer is 8. Surprised.,3. Happy  6. Fearful  8. Surprised,3. Happy  6. Fearful  8. Surprised,3. Happy  6. Fearful  8. Surprised,3. Happy  6. Fearful  8. Surprised
8,images/ravdess_subset/Actor_15/03-01-08-01-02-01-15.wav,Surprised,8,7,0,Male,4,1 2 4,1 2 4,1 2 4,1 2 4,The best answer is 8. Surprised.,1. Neutral  2. Calm  4. Sad,1. Neutral  2. Calm  4. Sad,1. Neutral  2. Calm  4. Sad,1. Neutral  2. Calm  4. Sad
51,images/ravdess_subset/Actor_19/03-01-08-01-01-01-19.wav,Surprised,8,7,0,Male,1,1 3 8,1 3 8,1 3 8,1 3 8,The best answer is 8. Surprised.,1. Neutral  3. Happy  8. Surprised,1. Neutral  3. Happy  8. Surprised,1. Neutral  3. Happy  8. Surprised,1. Neutral  3. Happy  8. Surprised
337,images/ravdess_subset/Actor_12/03-01-08-01-02-01-12.wav,Surprised,8,7,1,Female,1,1 3 8,1 3 8,1 3 8,1 3 8,The best answer is 8. Surprised.,1. Neutral  3. Happy  8. Surprised,1. Neutral  3. Happy  8. Surprised,1. Neutral  3. Happy  8. Surprised,1. Neutral  3. Happy  8. Surprised
328,images/ravdess_subset/Actor_18/03-01-08-01-02-02-18.wav,Surprised,8,7,1,Female,1,1 2 8,1 2 8,1 2 8,1 2 8,The best answer is 8. Surprised.,1. Neutral  2. Calm  8. Surprised,1. Neutral  2. Calm  8. Surprised,1. Neutral  2. Calm  8. Surprised,1. Neutral  2. Calm  8. Surprised
33,images/ravdess_subset/Actor_21/03-01-08-01-02-01-21.wav,Surprised,8,7,0,Male,8,3 6 8,3 8,3 8,3 8,The best answer is 8. Surprised.,3. Happy  6. Fearful  8. Surprised,3. Happy  8. Surprised,3. Happy  8. Surprised,3. Happy  8. Surprised
