,participant_id,experiment,num_correct,time_taken,Age,Sex,Ethnicity
0,200,control,36,174.43,28,Female,Mixed
1,201,control,38,398.24,26,Female,Black
2,202,control,41,244.98,22,Female,White
3,203,control,40,422.84,26,Female,Black
4,204,control,39,142.64,23,Male,White
5,205,control,36,278.31,50,Male,White
6,206,control,38,223.61,49,Male,White
7,207,control,35,414.84,54,Female,White
8,208,control,43,147.46,29,Male,White
9,209,control,37,580.49,36,Female,White
10,210,control,35,345.99,28,Female,Black
11,211,control,39,183.58,51,Male,White
12,212,control,35,253.61,24,Male,Asian
13,213,control,38,159.85,31,Female,White
14,214,control,36,173.01,25,Female,White
15,215,control,36,84.83,20,Male,White
16,216,control,34,306.65,21,Female,Black
17,217,control,41,299.68,33,Male,White
18,218,control,38,271.61,54,Male,White
19,219,control,41,160.18,38,Female,White
20,220,control,42,285.39,34,Male,White
21,221,control,40,204.47,33,Male,White
22,222,control,40,156.68,42,Female,White
23,223,control,40,142.61,23,Male,White
24,224,control,41,283.14,34,Female,White
25,225,control,37,211.78,44,Female,White
26,226,control,39,226.67,39,Female,White
27,227,control,34,190.27,22,Male,White
28,228,control,40,140.63,20,Male,White
29,229,control,28,176.26,27,Male,White
30,230,control,36,321.34,23,Male,Black
31,231,control,40,298.03,28,Female,White
32,232,control,42,92.46,24,Male,Asian
33,233,control,33,114.52,26,Female,White
34,234,control,35,184.18,29,Male,White
35,235,control,36,196.15,27,Male,White
36,236,control,38,161.42,43,Female,White
37,237,control,39,208.46,28,Female,White
38,238,control,43,285.71,42,Female,Black
39,239,control,43,224.93,48,Female,White
40,240,control,42,227.53,21,Female,Black
41,241,control,41,360.26,27,Male,Black
42,242,control,38,358.28,26,Female,White
43,243,control,39,181.33,33,Male,White
44,244,control,35,484.17,37,Male,Black
45,245,control,36,400.96,31,Female,Black
46,246,control,37,163.14,26,Female,White
47,247,control,40,242.79,24,Male,Black
48,248,control,40,191.07,39,Male,White
49,249,control,32,624.17,29,Female,Black
50,250,avgk,44,198.06,40,Male,Black
51,251,avgk,42,247.88,34,Female,White
52,252,avgk,42,247.87,29,Male,Black
53,253,avgk,37,99.57,18,Male,White
54,254,avgk,40,159.75,29,Female,White
55,255,avgk,40,372.41,55,Female,DATA_EXPIRED
56,256,avgk,41,257.48,31,Male,White
57,257,avgk,33,241.87,25,Female,Black
58,258,avgk,35,199.05,20,Female,White
59,259,avgk,38,136.82,27,Female,White
60,260,avgk,38,250.65,22,Male,Mixed
61,261,avgk,42,226.55,24,Female,Black
62,262,avgk,36,160.26,33,Male,White
63,263,avgk,40,169.02,26,Female,White
64,264,avgk,41,343.71,33,Male,Asian
65,265,avgk,35,256.64,40,Male,Black
66,266,avgk,35,160.5,23,Male,Asian
67,267,avgk,42,252.32,22,Male,White
68,268,avgk,39,201.17,26,Male,Black
69,269,avgk,37,285.06,66,Female,White
70,270,avgk,29,601.35,34,Female,White
71,271,avgk,38,246.83,29,Male,White
72,272,avgk,40,178.08,23,Male,White
73,273,avgk,41,174.93,27,Female,Asian
74,274,avgk,39,421.76,30,Male,Black
75,275,avgk,40,209.67,27,Male,Black
76,276,avgk,41,176.26,26,Male,Asian
77,277,avgk,44,274.2,37,Male,White
78,278,avgk,40,128.38,29,Male,White
79,279,avgk,43,111.0,25,Male,White
80,280,avgk,41,206.74,23,Male,White
81,281,avgk,42,111.71,24,Male,White
82,282,avgk,42,160.62,28,Female,White
83,283,avgk,37,330.19,48,Male,White
84,284,avgk,39,121.08,27,Male,White
85,285,avgk,39,476.88,39,Female,Black
86,286,avgk,38,302.26,26,Male,Black
87,287,avgk,41,820.07,39,Male,Black
88,288,avgk,44,136.6,32,Male,White
89,289,avgk,37,394.98,32,Male,Black
90,290,avgk,36,368.17,66,Female,Other
91,291,avgk,36,215.96,31,Female,White
92,292,avgk,30,240.82,41,Female,White
93,293,avgk,40,216.77,33,Male,White
94,294,avgk,41,216.28,37,Male,White
95,295,avgk,39,180.47,44,Male,White
96,296,avgk,42,143.57,26,Male,White
97,297,avgk,41,130.83,25,Male,White
98,298,avgk,37,280.98,29,Female,Black
99,299,avgk,41,314.35,21,Female,White
100,300,marginal,41,311.92,50,Male,White
101,301,marginal,37,254.13,60,Female,White
102,302,marginal,40,320.73,40,Female,Black
103,303,marginal,37,235.62,22,Female,White
104,304,marginal,38,327.22,33,Female,Black
105,305,marginal,42,183.9,23,Male,White
106,306,marginal,41,402.62,26,Male,Black
107,307,marginal,38,176.2,25,Female,Black
108,308,marginal,44,192.9,29,Female,White
109,309,marginal,37,220.76,74,Female,Black
110,310,marginal,40,192.5,29,Male,White
111,311,marginal,43,168.48,36,Male,Mixed
112,312,marginal,44,211.06,31,Male,White
113,313,marginal,42,237.35,28,Female,White
114,314,marginal,42,145.78,29,Male,White
115,315,marginal,39,221.62,39,Male,Mixed
116,316,marginal,41,167.21,23,Female,White
117,317,marginal,35,439.87,26,Female,White
118,318,marginal,34,217.59,22,Male,Black
119,319,marginal,44,151.84,18,Male,Mixed
120,320,marginal,35,494.67,28,Female,White
121,321,marginal,39,277.49,33,Male,White
122,322,marginal,32,280.68,21,Male,White
123,323,marginal,43,112.99,30,Male,White
124,324,marginal,42,168.66,34,Female,White
125,325,marginal,40,193.18,41,Female,Asian
126,326,marginal,43,147.0,19,Male,Other
127,327,marginal,37,301.88,29,Female,White
128,328,marginal,39,427.33,55,Female,White
129,329,marginal,38,167.19,19,Male,White
130,330,marginal,42,255.2,18,Female,White
131,331,marginal,43,86.76,21,Female,White
132,332,marginal,34,237.86,37,Female,Black
133,333,marginal,37,320.37,34,Female,Black
134,334,marginal,42,155.59,55,Female,White
135,335,marginal,38,386.78,33,Male,Black
136,336,marginal,36,115.07,30,Male,White
137,337,marginal,41,226.99,23,Female,Black
138,338,marginal,43,315.99,25,Male,Black
139,339,marginal,41,166.49,26,Male,Mixed
140,340,marginal,39,228.16,36,Male,Asian
141,341,marginal,41,246.51,25,Female,White
142,342,marginal,39,302.3,33,Male,Black
143,343,marginal,32,247.13,32,Male,White
144,344,marginal,41,252.71,72,Female,White
145,345,marginal,39,212.0,29,Female,White
146,346,marginal,41,167.22,21,Male,White
147,347,marginal,40,297.06,27,Male,White
148,348,marginal,37,321.08,40,Male,Black
149,349,marginal,42,265.2,32,Female,Black
150,350,conditional,40,321.67,35,Female,Black
151,351,conditional,44,404.67,55,Male,Mixed
152,352,conditional,36,149.73,18,Male,White
153,353,conditional,39,153.23,18,Female,Asian
154,354,conditional,43,155.2,20,Male,White
155,355,conditional,36,321.38,68,Female,White
156,356,conditional,41,218.68,23,Male,Black
157,357,conditional,40,157.81,26,Female,White
158,358,conditional,35,158.42,26,Male,Mixed
159,359,conditional,41,188.13,23,Male,Asian
160,360,conditional,33,323.78,26,Female,Black
161,361,conditional,36,381.27,29,Male,Black
162,362,conditional,42,322.03,27,Male,Mixed
163,363,conditional,38,162.69,23,Female,White
164,364,conditional,35,116.3,30,Male,White
165,365,conditional,37,579.99,32,Female,Black
166,366,conditional,42,117.34,26,Male,White
167,367,conditional,43,151.17,36,Male,White
168,368,conditional,37,283.54,25,Female,Asian
169,369,conditional,40,133.47,25,Female,Asian
170,370,conditional,37,358.72,31,Female,Black
171,371,conditional,36,125.92,28,Male,White
172,372,conditional,42,165.11,23,Female,White
173,373,conditional,40,253.62,48,Female,White
174,374,conditional,42,163.33,26,Male,White
175,375,conditional,41,169.6,21,Female,White
176,376,conditional,41,191.08,25,Male,Black
177,377,conditional,36,210.74,22,Male,White
178,378,conditional,39,237.3,36,Female,White
179,379,conditional,39,325.28,22,Female,Black
180,380,conditional,38,215.09,41,Female,Mixed
181,381,conditional,39,281.66,23,Female,Black
182,382,conditional,39,211.56,33,Female,Mixed
183,383,conditional,40,132.55,34,Male,White
184,384,conditional,42,361.69,44,Female,Black
185,385,conditional,40,234.08,21,Female,White
186,386,conditional,38,260.89,23,Male,White
187,387,conditional,40,181.2,25,Female,Mixed
188,388,conditional,42,242.29,26,Male,Black
189,389,conditional,43,246.49,35,Male,Black
190,390,conditional,40,257.46,33,Female,Mixed
191,391,conditional,35,112.64,29,Female,White
192,392,conditional,35,320.61,28,Male,Black
193,393,conditional,37,298.26,51,Male,White
194,394,conditional,38,455.72,33,Female,White
195,395,conditional,37,179.56,26,Female,White
196,396,conditional,43,690.65,25,Female,Black
197,397,conditional,39,366.69,32,Male,White
198,398,conditional,41,278.15,21,Female,Black
199,399,conditional,37,144.84,23,Male,Mixed
